region,state,year,milk_produced
Northeast,Maine,1970,6.19E+08
Northeast,New Hampshire,1970,3.56E+08
Northeast,Vermont,1970,1.97E+09
Northeast,Massachusetts,1970,6.58E+08
Northeast,Rhode Island,1970,7.50E+07
Northeast,Connecticut,1970,6.61E+08
Northeast,New York,1970,1.03E+10
Northeast,New Jersey,1970,7.30E+08
Northeast,Pennsylvania,1970,7.12E+09
Northeast,Delaware,1970,1.30E+08
Northeast,Maryland,1970,1.56E+09
Lake States,Michigan,1970,4.60E+09
Lake States,Wisconsin,1970,1.84E+10
Lake States,Minnesota,1970,9.64E+09
Corn Belt,Ohio,1970,4.42E+09
Corn Belt,Indiana,1970,2.38E+09
Corn Belt,Illinois,1970,2.85E+09
Corn Belt,Iowa,1970,4.67E+09
Corn Belt,Missouri,1970,3.01E+09
Northern Plains,North Dakota,1970,1.07E+09
Northern Plains,South Dakota,1970,1.58E+09
Northern Plains,Nebraska,1970,1.57E+09
Northern Plains,Kansas,1970,1.74E+09
Appalachian,Virginia,1970,1.75E+09
Appalachian,West Virginia,1970,3.74E+08
Appalachian,North Carolina,1970,1.49E+09
Appalachian,Kentucky,1970,2.47E+09
Appalachian,Tennessee,1970,2.12E+09
Southeast,South Carolina,1970,5.12E+08
Southeast,Georgia,1970,1.18E+09
Southeast,Florida,1970,1.64E+09
Southeast,Alabama,1970,8.16E+08
Delta States,Mississippi,1970,1.05E+09
Delta States,Arkansas,1970,6.85E+08
Delta States,Louisiana,1970,1.09E+09
Southern Plains,Oklahoma,1970,1.25E+09
Southern Plains,Texas,1970,3.07E+09
Mountain,Montana,1970,3.26E+08
Mountain,Idaho,1970,1.49E+09
Mountain,Wyoming,1970,1.40E+08
Mountain,Colorado,1970,8.56E+08
Mountain,New Mexico,1970,3.04E+08
Mountain,Arizona,1970,5.85E+08
Mountain,Utah,1970,8.19E+08
Mountain,Nevada,1970,1.42E+08
Pacific,Washington,1970,2.09E+09
Pacific,Oregon,1970,9.70E+08
Pacific,California,1970,9.46E+09
Pacific,Alaska,1970,1.90E+07
Pacific,Hawaii,1970,1.37E+08
Northeast,Maine,1971,6.29E+08
Northeast,New Hampshire,1971,3.59E+08
Northeast,Vermont,1971,2.03E+09
Northeast,Massachusetts,1971,6.58E+08
Northeast,Rhode Island,1971,7.00E+07
Northeast,Connecticut,1971,6.60E+08
Northeast,New York,1971,1.04E+10
Northeast,New Jersey,1971,6.84E+08
Northeast,Pennsylvania,1971,7.16E+09
Northeast,Delaware,1971,1.33E+08
Northeast,Maryland,1971,1.56E+09
Lake States,Michigan,1971,4.80E+09
Lake States,Wisconsin,1971,1.88E+10
Lake States,Minnesota,1971,9.62E+09
Corn Belt,Ohio,1971,4.49E+09
Corn Belt,Indiana,1971,2.43E+09
Corn Belt,Illinois,1971,2.81E+09
Corn Belt,Iowa,1971,4.58E+09
Corn Belt,Missouri,1971,3.00E+09
Northern Plains,North Dakota,1971,1.02E+09
Northern Plains,South Dakota,1971,1.57E+09
Northern Plains,Nebraska,1971,1.57E+09
Northern Plains,Kansas,1971,1.69E+09
Appalachian,Virginia,1971,1.75E+09
Appalachian,West Virginia,1971,3.63E+08
Appalachian,North Carolina,1971,1.50E+09
Appalachian,Kentucky,1971,2.48E+09
Appalachian,Tennessee,1971,2.12E+09
Southeast,South Carolina,1971,5.16E+08
Southeast,Georgia,1971,1.19E+09
Southeast,Florida,1971,1.79E+09
Southeast,Alabama,1971,8.19E+08
Delta States,Mississippi,1971,1.01E+09
Delta States,Arkansas,1971,6.98E+08
Delta States,Louisiana,1971,1.13E+09
Southern Plains,Oklahoma,1971,1.26E+09
Southern Plains,Texas,1971,3.24E+09
Mountain,Montana,1971,3.34E+08
Mountain,Idaho,1971,1.55E+09
Mountain,Wyoming,1971,1.35E+08
Mountain,Colorado,1971,8.85E+08
Mountain,New Mexico,1971,3.12E+08
Mountain,Arizona,1971,6.20E+08
Mountain,Utah,1971,8.40E+08
Mountain,Nevada,1971,1.41E+08
Pacific,Washington,1971,2.23E+09
Pacific,Oregon,1971,1.01E+09
Pacific,California,1971,9.71E+09
Pacific,Alaska,1971,1.70E+07
Pacific,Hawaii,1971,1.33E+08
Northeast,Maine,1972,6.38E+08
Northeast,New Hampshire,1972,3.53E+08
Northeast,Vermont,1972,2.04E+09
Northeast,Massachusetts,1972,6.29E+08
Northeast,Rhode Island,1972,6.90E+07
Northeast,Connecticut,1972,6.43E+08
Northeast,New York,1972,1.03E+10
Northeast,New Jersey,1972,6.45E+08
Northeast,Pennsylvania,1972,7.03E+09
Northeast,Delaware,1972,1.32E+08
Northeast,Maryland,1972,1.54E+09
Lake States,Michigan,1972,4.97E+09
Lake States,Wisconsin,1972,1.92E+10
Lake States,Minnesota,1972,9.58E+09
Corn Belt,Ohio,1972,4.57E+09
Corn Belt,Indiana,1972,2.45E+09
Corn Belt,Illinois,1972,2.84E+09
Corn Belt,Iowa,1972,4.40E+09
Corn Belt,Missouri,1972,3.03E+09
Northern Plains,North Dakota,1972,9.94E+08
Northern Plains,South Dakota,1972,1.59E+09
Northern Plains,Nebraska,1972,1.61E+09
Northern Plains,Kansas,1972,1.63E+09
Appalachian,Virginia,1972,1.76E+09
Appalachian,West Virginia,1972,3.45E+08
Appalachian,North Carolina,1972,1.54E+09
Appalachian,Kentucky,1972,2.53E+09
Appalachian,Tennessee,1972,2.22E+09
Southeast,South Carolina,1972,5.18E+08
Southeast,Georgia,1972,1.24E+09
Southeast,Florida,1972,1.87E+09
Southeast,Alabama,1972,8.20E+08
Delta States,Mississippi,1972,9.93E+08
Delta States,Arkansas,1972,7.28E+08
Delta States,Louisiana,1972,1.13E+09
Southern Plains,Oklahoma,1972,1.24E+09
Southern Plains,Texas,1972,3.34E+09
Mountain,Montana,1972,3.34E+08
Mountain,Idaho,1972,1.66E+09
Mountain,Wyoming,1972,1.35E+08
Mountain,Colorado,1972,8.80E+08
Mountain,New Mexico,1972,3.26E+08
Mountain,Arizona,1972,6.40E+08
Mountain,Utah,1972,8.74E+08
Mountain,Nevada,1972,1.43E+08
Pacific,Washington,1972,2.31E+09
Pacific,Oregon,1972,1.01E+09
Pacific,California,1972,1.04E+10
Pacific,Alaska,1972,1.80E+07
Pacific,Hawaii,1972,1.36E+08
Northeast,Maine,1973,6.14E+08
Northeast,New Hampshire,1973,3.37E+08
Northeast,Vermont,1973,1.95E+09
Northeast,Massachusetts,1973,5.95E+08
Northeast,Rhode Island,1973,6.40E+07
Northeast,Connecticut,1973,6.14E+08
Northeast,New York,1973,9.73E+09
Northeast,New Jersey,1973,5.75E+08
Northeast,Pennsylvania,1973,6.72E+09
Northeast,Delaware,1973,1.28E+08
Northeast,Maryland,1973,1.46E+09
Lake States,Michigan,1973,4.64E+09
Lake States,Wisconsin,1973,1.84E+10
Lake States,Minnesota,1973,9.27E+09
Corn Belt,Ohio,1973,4.27E+09
Corn Belt,Indiana,1973,2.33E+09
Corn Belt,Illinois,1973,2.67E+09
Corn Belt,Iowa,1973,4.18E+09
Corn Belt,Missouri,1973,2.99E+09
Northern Plains,North Dakota,1973,1.04E+09
Northern Plains,South Dakota,1973,1.64E+09
Northern Plains,Nebraska,1973,1.54E+09
Northern Plains,Kansas,1973,1.51E+09
Appalachian,Virginia,1973,1.69E+09
Appalachian,West Virginia,1973,3.33E+08
Appalachian,North Carolina,1973,1.49E+09
Appalachian,Kentucky,1973,2.33E+09
Appalachian,Tennessee,1973,2.06E+09
Southeast,South Carolina,1973,4.97E+08
Southeast,Georgia,1973,1.17E+09
Southeast,Florida,1973,1.84E+09
Southeast,Alabama,1973,7.85E+08
Delta States,Mississippi,1973,9.50E+08
Delta States,Arkansas,1973,7.06E+08
Delta States,Louisiana,1973,1.06E+09
Southern Plains,Oklahoma,1973,1.14E+09
Southern Plains,Texas,1973,3.28E+09
Mountain,Montana,1973,3.12E+08
Mountain,Idaho,1973,1.66E+09
Mountain,Wyoming,1973,1.30E+08
Mountain,Colorado,1973,8.54E+08
Mountain,New Mexico,1973,3.18E+08
Mountain,Arizona,1973,7.37E+08
Mountain,Utah,1973,8.66E+08
Mountain,Nevada,1973,1.44E+08
Pacific,Washington,1973,2.34E+09
Pacific,Oregon,1973,1.01E+09
Pacific,California,1973,1.03E+10
Pacific,Alaska,1973,1.80E+07
Pacific,Hawaii,1973,1.38E+08
Northeast,Maine,1974,6.11E+08
Northeast,New Hampshire,1974,3.29E+08
Northeast,Vermont,1974,1.95E+09
Northeast,Massachusetts,1974,5.93E+08
Northeast,Rhode Island,1974,6.30E+07
Northeast,Connecticut,1974,6.13E+08
Northeast,New York,1974,9.82E+09
Northeast,New Jersey,1974,5.51E+08
Northeast,Pennsylvania,1974,6.98E+09
Northeast,Delaware,1974,1.28E+08
Northeast,Maryland,1974,1.51E+09
Lake States,Michigan,1974,4.35E+09
Lake States,Wisconsin,1974,1.87E+10
Lake States,Minnesota,1974,9.38E+09
Corn Belt,Ohio,1974,4.22E+09
Corn Belt,Indiana,1974,2.26E+09
Corn Belt,Illinois,1974,2.52E+09
Corn Belt,Iowa,1974,4.03E+09
Corn Belt,Missouri,1974,2.99E+09
Northern Plains,North Dakota,1974,9.80E+08
Northern Plains,South Dakota,1974,1.64E+09
Northern Plains,Nebraska,1974,1.48E+09
Northern Plains,Kansas,1974,1.40E+09
Appalachian,Virginia,1974,1.71E+09
Appalachian,West Virginia,1974,3.50E+08
Appalachian,North Carolina,1974,1.46E+09
Appalachian,Kentucky,1974,2.37E+09
Appalachian,Tennessee,1974,1.97E+09
Southeast,South Carolina,1974,5.15E+08
Southeast,Georgia,1974,1.19E+09
Southeast,Florida,1974,1.88E+09
Southeast,Alabama,1974,7.08E+08
Delta States,Mississippi,1974,9.07E+08
Delta States,Arkansas,1974,7.06E+08
Delta States,Louisiana,1974,1.06E+09
Southern Plains,Oklahoma,1974,1.14E+09
Southern Plains,Texas,1974,3.38E+09
Mountain,Montana,1974,2.94E+08
Mountain,Idaho,1974,1.56E+09
Mountain,Wyoming,1974,1.23E+08
Mountain,Colorado,1974,8.66E+08
Mountain,New Mexico,1974,3.38E+08
Mountain,Arizona,1974,8.10E+08
Mountain,Utah,1974,9.25E+08
Mountain,Nevada,1974,1.67E+08
Pacific,Washington,1974,2.31E+09
Pacific,Oregon,1974,1.00E+09
Pacific,California,1974,1.06E+10
Pacific,Alaska,1974,1.80E+07
Pacific,Hawaii,1974,1.39E+08
Northeast,Maine,1975,6.29E+08
Northeast,New Hampshire,1975,3.36E+08
Northeast,Vermont,1975,2.01E+09
Northeast,Massachusetts,1975,6.01E+08
Northeast,Rhode Island,1975,6.30E+07
Northeast,Connecticut,1975,6.08E+08
Northeast,New York,1975,9.96E+09
Northeast,New Jersey,1975,5.28E+08
Northeast,Pennsylvania,1975,7.14E+09
Northeast,Delaware,1975,1.27E+08
Northeast,Maryland,1975,1.55E+09
Lake States,Michigan,1975,4.41E+09
Lake States,Wisconsin,1975,1.89E+10
Lake States,Minnesota,1975,8.95E+09
Corn Belt,Ohio,1975,4.26E+09
Corn Belt,Indiana,1975,2.21E+09
Corn Belt,Illinois,1975,2.45E+09
Corn Belt,Iowa,1975,3.89E+09
Corn Belt,Missouri,1975,2.84E+09
Northern Plains,North Dakota,1975,9.17E+08
Northern Plains,South Dakota,1975,1.56E+09
Northern Plains,Nebraska,1975,1.43E+09
Northern Plains,Kansas,1975,1.39E+09
Appalachian,Virginia,1975,1.76E+09
Appalachian,West Virginia,1975,3.50E+08
Appalachian,North Carolina,1975,1.50E+09
Appalachian,Kentucky,1975,2.32E+09
Appalachian,Tennessee,1975,2.03E+09
Southeast,South Carolina,1975,5.12E+08
Southeast,Georgia,1975,1.22E+09
Southeast,Florida,1975,1.96E+09
Southeast,Alabama,1975,6.86E+08
Delta States,Mississippi,1975,8.76E+08
Delta States,Arkansas,1975,7.07E+08
Delta States,Louisiana,1975,1.05E+09
Southern Plains,Oklahoma,1975,1.06E+09
Southern Plains,Texas,1975,3.21E+09
Mountain,Montana,1975,2.78E+08
Mountain,Idaho,1975,1.56E+09
Mountain,Wyoming,1975,1.10E+08
Mountain,Colorado,1975,8.45E+08
Mountain,New Mexico,1975,3.66E+08
Mountain,Arizona,1975,8.40E+08
Mountain,Utah,1975,9.19E+08
Mountain,Nevada,1975,1.68E+08
Pacific,Washington,1975,2.32E+09
Pacific,Oregon,1975,9.90E+08
Pacific,California,1975,1.09E+10
Pacific,Alaska,1975,1.70E+07
Pacific,Hawaii,1975,1.46E+08
Northeast,Maine,1976,6.28E+08
Northeast,New Hampshire,1976,3.35E+08
Northeast,Vermont,1976,2.09E+09
Northeast,Massachusetts,1976,5.98E+08
Northeast,Rhode Island,1976,6.00E+07
Northeast,Connecticut,1976,6.16E+08
Northeast,New York,1976,1.02E+10
Northeast,New Jersey,1976,5.45E+08
Northeast,Pennsylvania,1976,7.51E+09
Northeast,Delaware,1976,1.35E+08
Northeast,Maryland,1976,1.55E+09
Lake States,Michigan,1976,4.62E+09
Lake States,Wisconsin,1976,2.03E+10
Lake States,Minnesota,1976,9.24E+09
Corn Belt,Ohio,1976,4.44E+09
Corn Belt,Indiana,1976,2.24E+09
Corn Belt,Illinois,1976,2.49E+09
Corn Belt,Iowa,1976,3.95E+09
Corn Belt,Missouri,1976,2.92E+09
Northern Plains,North Dakota,1976,9.48E+08
Northern Plains,South Dakota,1976,1.65E+09
Northern Plains,Nebraska,1976,1.41E+09
Northern Plains,Kansas,1976,1.45E+09
Appalachian,Virginia,1976,1.88E+09
Appalachian,West Virginia,1976,3.56E+08
Appalachian,North Carolina,1976,1.58E+09
Appalachian,Kentucky,1976,2.38E+09
Appalachian,Tennessee,1976,2.10E+09
Southeast,South Carolina,1976,5.25E+08
Southeast,Georgia,1976,1.30E+09
Southeast,Florida,1976,2.02E+09
Southeast,Alabama,1976,6.82E+08
Delta States,Mississippi,1976,8.62E+08
Delta States,Arkansas,1976,7.10E+08
Delta States,Louisiana,1976,1.09E+09
Southern Plains,Oklahoma,1976,1.10E+09
Southern Plains,Texas,1976,3.31E+09
Mountain,Montana,1976,2.75E+08
Mountain,Idaho,1976,1.55E+09
Mountain,Wyoming,1976,1.13E+08
Mountain,Colorado,1976,8.35E+08
Mountain,New Mexico,1976,4.05E+08
Mountain,Arizona,1976,8.82E+08
Mountain,Utah,1976,9.24E+08
Mountain,Nevada,1976,1.91E+08
Pacific,Washington,1976,2.43E+09
Pacific,Oregon,1976,1.02E+09
Pacific,California,1976,1.16E+10
Pacific,Alaska,1976,1.60E+07
Pacific,Hawaii,1976,1.48E+08
Northeast,Maine,1977,6.38E+08
Northeast,New Hampshire,1977,3.39E+08
Northeast,Vermont,1977,2.10E+09
Northeast,Massachusetts,1977,5.97E+08
Northeast,Rhode Island,1977,5.70E+07
Northeast,Connecticut,1977,6.24E+08
Northeast,New York,1977,1.02E+10
Northeast,New Jersey,1977,5.49E+08
Northeast,Pennsylvania,1977,7.79E+09
Northeast,Delaware,1977,1.39E+08
Northeast,Maryland,1977,1.58E+09
Lake States,Michigan,1977,4.76E+09
Lake States,Wisconsin,1977,2.10E+10
Lake States,Minnesota,1977,9.48E+09
Corn Belt,Ohio,1977,4.46E+09
Corn Belt,Indiana,1977,2.25E+09
Corn Belt,Illinois,1977,2.52E+09
Corn Belt,Iowa,1977,4.03E+09
Corn Belt,Missouri,1977,2.92E+09
Northern Plains,North Dakota,1977,9.54E+08
Northern Plains,South Dakota,1977,1.65E+09
Northern Plains,Nebraska,1977,1.34E+09
Northern Plains,Kansas,1977,1.44E+09
Appalachian,Virginia,1977,1.89E+09
Appalachian,West Virginia,1977,3.50E+08
Appalachian,North Carolina,1977,1.58E+09
Appalachian,Kentucky,1977,2.43E+09
Appalachian,Tennessee,1977,2.18E+09
Southeast,South Carolina,1977,5.25E+08
Southeast,Georgia,1977,1.30E+09
Southeast,Florida,1977,1.99E+09
Southeast,Alabama,1977,6.84E+08
Delta States,Mississippi,1977,8.58E+08
Delta States,Arkansas,1977,7.25E+08
Delta States,Louisiana,1977,1.09E+09
Southern Plains,Oklahoma,1977,1.12E+09
Southern Plains,Texas,1977,3.37E+09
Mountain,Montana,1977,2.96E+08
Mountain,Idaho,1977,1.60E+09
Mountain,Wyoming,1977,1.24E+08
Mountain,Colorado,1977,8.48E+08
Mountain,New Mexico,1977,4.26E+08
Mountain,Arizona,1977,9.14E+08
Mountain,Utah,1977,9.36E+08
Mountain,Nevada,1977,1.98E+08
Pacific,Washington,1977,2.55E+09
Pacific,Oregon,1977,1.05E+09
Pacific,California,1977,1.20E+10
Pacific,Alaska,1977,1.60E+07
Pacific,Hawaii,1977,1.50E+08
Northeast,Maine,1978,6.41E+08
Northeast,New Hampshire,1978,3.41E+08
Northeast,Vermont,1978,2.14E+09
Northeast,Massachusetts,1978,5.72E+08
Northeast,Rhode Island,1978,5.50E+07
Northeast,Connecticut,1978,6.14E+08
Northeast,New York,1978,1.04E+10
Northeast,New Jersey,1978,5.25E+08
Northeast,Pennsylvania,1978,7.88E+09
Northeast,Delaware,1978,1.29E+08
Northeast,Maryland,1978,1.54E+09
Lake States,Michigan,1978,4.79E+09
Lake States,Wisconsin,1978,2.13E+10
Lake States,Minnesota,1978,9.09E+09
Corn Belt,Ohio,1978,4.28E+09
Corn Belt,Indiana,1978,2.18E+09
Corn Belt,Illinois,1978,2.40E+09
Corn Belt,Iowa,1978,3.96E+09
Corn Belt,Missouri,1978,2.72E+09
Northern Plains,North Dakota,1978,9.03E+08
Northern Plains,South Dakota,1978,1.54E+09
Northern Plains,Nebraska,1978,1.27E+09
Northern Plains,Kansas,1978,1.37E+09
Appalachian,Virginia,1978,1.87E+09
Appalachian,West Virginia,1978,3.45E+08
Appalachian,North Carolina,1978,1.54E+09
Appalachian,Kentucky,1978,2.27E+09
Appalachian,Tennessee,1978,2.07E+09
Southeast,South Carolina,1978,5.13E+08
Southeast,Georgia,1978,1.31E+09
Southeast,Florida,1978,1.97E+09
Southeast,Alabama,1978,6.31E+08
Delta States,Mississippi,1978,8.36E+08
Delta States,Arkansas,1978,7.29E+08
Delta States,Louisiana,1978,1.06E+09
Southern Plains,Oklahoma,1978,1.09E+09
Southern Plains,Texas,1978,3.43E+09
Mountain,Montana,1978,3.06E+08
Mountain,Idaho,1978,1.63E+09
Mountain,Wyoming,1978,1.20E+08
Mountain,Colorado,1978,8.72E+08
Mountain,New Mexico,1978,4.58E+08
Mountain,Arizona,1978,9.06E+08
Mountain,Utah,1978,9.40E+08
Mountain,Nevada,1978,1.87E+08
Pacific,Washington,1978,2.68E+09
Pacific,Oregon,1978,1.07E+09
Pacific,California,1978,1.19E+10
Pacific,Alaska,1978,1.50E+07
Pacific,Hawaii,1978,1.50E+08
Northeast,Maine,1979,6.41E+08
Northeast,New Hampshire,1979,3.41E+08
Northeast,Vermont,1979,2.18E+09
Northeast,Massachusetts,1979,5.66E+08
Northeast,Rhode Island,1979,5.00E+07
Northeast,Connecticut,1979,6.06E+08
Northeast,New York,1979,1.06E+10
Northeast,New Jersey,1979,4.94E+08
Northeast,Pennsylvania,1979,8.08E+09
Northeast,Delaware,1979,1.27E+08
Northeast,Maryland,1979,1.52E+09
Lake States,Michigan,1979,4.83E+09
Lake States,Wisconsin,1979,2.19E+10
Lake States,Minnesota,1979,9.15E+09
Corn Belt,Ohio,1979,4.27E+09
Corn Belt,Indiana,1979,2.18E+09
Corn Belt,Illinois,1979,2.39E+09
Corn Belt,Iowa,1979,3.86E+09
Corn Belt,Missouri,1979,2.71E+09
Northern Plains,North Dakota,1979,8.74E+08
Northern Plains,South Dakota,1979,1.55E+09
Northern Plains,Nebraska,1979,1.26E+09
Northern Plains,Kansas,1979,1.33E+09
Appalachian,Virginia,1979,1.94E+09
Appalachian,West Virginia,1979,3.50E+08
Appalachian,North Carolina,1979,1.57E+09
Appalachian,Kentucky,1979,2.22E+09
Appalachian,Tennessee,1979,2.09E+09
Southeast,South Carolina,1979,5.24E+08
Southeast,Georgia,1979,1.34E+09
Southeast,Florida,1979,2.00E+09
Southeast,Alabama,1979,6.06E+08
Delta States,Mississippi,1979,8.14E+08
Delta States,Arkansas,1979,7.27E+08
Delta States,Louisiana,1979,1.02E+09
Southern Plains,Oklahoma,1979,1.07E+09
Southern Plains,Texas,1979,3.38E+09
Mountain,Montana,1979,2.97E+08
Mountain,Idaho,1979,1.72E+09
Mountain,Wyoming,1979,1.19E+08
Mountain,Colorado,1979,8.57E+08
Mountain,New Mexico,1979,5.07E+08
Mountain,Arizona,1979,9.41E+08
Mountain,Utah,1979,9.48E+08
Mountain,Nevada,1979,1.99E+08
Pacific,Washington,1979,2.82E+09
Pacific,Oregon,1979,1.10E+09
Pacific,California,1979,1.26E+10
Pacific,Alaska,1979,1.30E+07
Pacific,Hawaii,1979,1.50E+08
Northeast,Maine,1980,6.65E+08
Northeast,New Hampshire,1980,3.47E+08
Northeast,Vermont,1980,2.29E+09
Northeast,Massachusetts,1980,5.70E+08
Northeast,Rhode Island,1980,4.70E+07
Northeast,Connecticut,1980,6.12E+08
Northeast,New York,1980,1.10E+10
Northeast,New Jersey,1980,4.94E+08
Northeast,Pennsylvania,1980,8.50E+09
Northeast,Delaware,1980,1.25E+08
Northeast,Maryland,1980,1.52E+09
Lake States,Michigan,1980,4.97E+09
Lake States,Wisconsin,1980,2.24E+10
Lake States,Minnesota,1980,9.54E+09
Corn Belt,Ohio,1980,4.31E+09
Corn Belt,Indiana,1980,2.21E+09
Corn Belt,Illinois,1980,2.54E+09
Corn Belt,Iowa,1980,3.99E+09
Corn Belt,Missouri,1980,2.83E+09
Northern Plains,North Dakota,1980,9.39E+08
Northern Plains,South Dakota,1980,1.67E+09
Northern Plains,Nebraska,1980,1.32E+09
Northern Plains,Kansas,1980,1.33E+09
Appalachian,Virginia,1980,1.97E+09
Appalachian,West Virginia,1980,3.50E+08
Appalachian,North Carolina,1980,1.63E+09
Appalachian,Kentucky,1980,2.22E+09
Appalachian,Tennessee,1980,2.24E+09
Southeast,South Carolina,1980,5.41E+08
Southeast,Georgia,1980,1.37E+09
Southeast,Florida,1980,2.03E+09
Southeast,Alabama,1980,6.10E+08
Delta States,Mississippi,1980,8.17E+08
Delta States,Arkansas,1980,7.40E+08
Delta States,Louisiana,1980,1.01E+09
Southern Plains,Oklahoma,1980,1.11E+09
Southern Plains,Texas,1980,3.63E+09
Mountain,Montana,1980,3.14E+08
Mountain,Idaho,1980,1.95E+09
Mountain,Wyoming,1980,1.32E+08
Mountain,Colorado,1980,8.58E+08
Mountain,New Mexico,1980,6.02E+08
Mountain,Arizona,1980,1.03E+09
Mountain,Utah,1980,1.03E+09
Mountain,Nevada,1980,2.19E+08
Pacific,Washington,1980,2.94E+09
Pacific,Oregon,1980,1.17E+09
Pacific,California,1980,1.36E+10
Pacific,Alaska,1980,1.30E+07
Pacific,Hawaii,1980,1.52E+08
Northeast,Maine,1981,6.98E+08
Northeast,New Hampshire,1981,3.46E+08
Northeast,Vermont,1981,2.30E+09
Northeast,Massachusetts,1981,5.78E+08
Northeast,Rhode Island,1981,4.60E+07
Northeast,Connecticut,1981,6.24E+08
Northeast,New York,1981,1.11E+10
Northeast,New Jersey,1981,4.94E+08
Northeast,Pennsylvania,1981,8.97E+09
Northeast,Delaware,1981,1.24E+08
Northeast,Maryland,1981,1.56E+09
Lake States,Michigan,1981,5.10E+09
Lake States,Wisconsin,1981,2.30E+10
Lake States,Minnesota,1981,1.01E+10
Corn Belt,Ohio,1981,4.39E+09
Corn Belt,Indiana,1981,2.28E+09
Corn Belt,Illinois,1981,2.60E+09
Corn Belt,Iowa,1981,4.06E+09
Corn Belt,Missouri,1981,2.88E+09
Northern Plains,North Dakota,1981,9.95E+08
Northern Plains,South Dakota,1981,1.76E+09
Northern Plains,Nebraska,1981,1.40E+09
Northern Plains,Kansas,1981,1.40E+09
Appalachian,Virginia,1981,2.02E+09
Appalachian,West Virginia,1981,3.50E+08
Appalachian,North Carolina,1981,1.65E+09
Appalachian,Kentucky,1981,2.28E+09
Appalachian,Tennessee,1981,2.30E+09
Southeast,South Carolina,1981,5.52E+08
Southeast,Georgia,1981,1.40E+09
Southeast,Florida,1981,2.08E+09
Southeast,Alabama,1981,6.20E+08
Delta States,Mississippi,1981,8.60E+08
Delta States,Arkansas,1981,7.92E+08
Delta States,Louisiana,1981,9.96E+08
Southern Plains,Oklahoma,1981,1.15E+09
Southern Plains,Texas,1981,3.67E+09
Mountain,Montana,1981,3.31E+08
Mountain,Idaho,1981,2.16E+09
Mountain,Wyoming,1981,1.36E+08
Mountain,Colorado,1981,9.28E+08
Mountain,New Mexico,1981,6.71E+08
Mountain,Arizona,1981,1.13E+09
Mountain,Utah,1981,1.11E+09
Mountain,Nevada,1981,2.23E+08
Pacific,Washington,1981,3.02E+09
Pacific,Oregon,1981,1.22E+09
Pacific,California,1981,1.42E+10
Pacific,Alaska,1981,1.30E+07
Pacific,Hawaii,1981,1.50E+08
Northeast,Maine,1982,7.27E+08
Northeast,New Hampshire,1982,3.65E+08
Northeast,Vermont,1982,2.39E+09
Northeast,Massachusetts,1982,6.02E+08
Northeast,Rhode Island,1982,4.60E+07
Northeast,Connecticut,1982,6.44E+08
Northeast,New York,1982,1.11E+10
Northeast,New Jersey,1982,4.92E+08
Northeast,Pennsylvania,1982,9.26E+09
Northeast,Delaware,1982,1.37E+08
Northeast,Maryland,1982,1.58E+09
Lake States,Michigan,1982,5.25E+09
Lake States,Wisconsin,1982,2.32E+10
Lake States,Minnesota,1982,1.03E+10
Corn Belt,Ohio,1982,4.55E+09
Corn Belt,Indiana,1982,2.33E+09
Corn Belt,Illinois,1982,2.66E+09
Corn Belt,Iowa,1982,4.00E+09
Corn Belt,Missouri,1982,2.91E+09
Northern Plains,North Dakota,1982,1.02E+09
Northern Plains,South Dakota,1982,1.76E+09
Northern Plains,Nebraska,1982,1.34E+09
Northern Plains,Kansas,1982,1.36E+09
Appalachian,Virginia,1982,2.06E+09
Appalachian,West Virginia,1982,3.49E+08
Appalachian,North Carolina,1982,1.69E+09
Appalachian,Kentucky,1982,2.36E+09
Appalachian,Tennessee,1982,2.33E+09
Southeast,South Carolina,1982,5.67E+08
Southeast,Georgia,1982,1.41E+09
Southeast,Florida,1982,2.11E+09
Southeast,Alabama,1982,5.80E+08
Delta States,Mississippi,1982,9.00E+08
Delta States,Arkansas,1982,8.28E+08
Delta States,Louisiana,1982,9.75E+08
Southern Plains,Oklahoma,1982,1.17E+09
Southern Plains,Texas,1982,3.78E+09
Mountain,Montana,1982,3.41E+08
Mountain,Idaho,1982,2.25E+09
Mountain,Wyoming,1982,1.37E+08
Mountain,Colorado,1982,9.72E+08
Mountain,New Mexico,1982,8.12E+08
Mountain,Arizona,1982,1.20E+09
Mountain,Utah,1982,1.16E+09
Mountain,Nevada,1982,2.25E+08
Pacific,Washington,1982,3.22E+09
Pacific,Oregon,1982,1.30E+09
Pacific,California,1982,1.45E+10
Pacific,Alaska,1982,1.40E+07
Pacific,Hawaii,1982,1.44E+08
Northeast,Maine,1983,7.36E+08
Northeast,New Hampshire,1983,3.79E+08
Northeast,Vermont,1983,2.49E+09
Northeast,Massachusetts,1983,6.13E+08
Northeast,Rhode Island,1983,4.50E+07
Northeast,Connecticut,1983,6.55E+08
Northeast,New York,1983,1.16E+10
Northeast,New Jersey,1983,5.00E+08
Northeast,Pennsylvania,1983,9.51E+09
Northeast,Delaware,1983,1.37E+08
Northeast,Maryland,1983,1.61E+09
Lake States,Michigan,1983,5.53E+09
Lake States,Wisconsin,1983,2.38E+10
Lake States,Minnesota,1983,1.09E+10
Corn Belt,Ohio,1983,4.76E+09
Corn Belt,Indiana,1983,2.36E+09
Corn Belt,Illinois,1983,2.71E+09
Corn Belt,Iowa,1983,4.04E+09
Corn Belt,Missouri,1983,3.10E+09
Northern Plains,North Dakota,1983,1.09E+09
Northern Plains,South Dakota,1983,1.77E+09
Northern Plains,Nebraska,1983,1.42E+09
Northern Plains,Kansas,1983,1.38E+09
Appalachian,Virginia,1983,2.07E+09
Appalachian,West Virginia,1983,3.65E+08
Appalachian,North Carolina,1983,1.71E+09
Appalachian,Kentucky,1983,2.41E+09
Appalachian,Tennessee,1983,2.25E+09
Southeast,South Carolina,1983,5.73E+08
Southeast,Georgia,1983,1.40E+09
Southeast,Florida,1983,2.11E+09
Southeast,Alabama,1983,5.73E+08
Delta States,Mississippi,1983,8.83E+08
Delta States,Arkansas,1983,8.45E+08
Delta States,Louisiana,1983,9.54E+08
Southern Plains,Oklahoma,1983,1.18E+09
Southern Plains,Texas,1983,3.99E+09
Mountain,Montana,1983,3.55E+08
Mountain,Idaho,1983,2.30E+09
Mountain,Wyoming,1983,1.36E+08
Mountain,Colorado,1983,9.87E+08
Mountain,New Mexico,1983,9.38E+08
Mountain,Arizona,1983,1.24E+09
Mountain,Utah,1983,1.17E+09
Mountain,Nevada,1983,2.27E+08
Pacific,Washington,1983,3.48E+09
Pacific,Oregon,1983,1.36E+09
Pacific,California,1983,1.47E+10
Pacific,Alaska,1983,1.40E+07
Pacific,Hawaii,1983,1.49E+08
Northeast,Maine,1984,6.94E+08
Northeast,New Hampshire,1984,3.61E+08
Northeast,Vermont,1984,2.31E+09
Northeast,Massachusetts,1984,5.73E+08
Northeast,Rhode Island,1984,4.40E+07
Northeast,Connecticut,1984,6.11E+08
Northeast,New York,1984,1.14E+10
Northeast,New Jersey,1984,4.74E+08
Northeast,Pennsylvania,1984,9.42E+09
Northeast,Delaware,1984,1.32E+08
Northeast,Maryland,1984,1.53E+09
Lake States,Michigan,1984,5.35E+09
Lake States,Wisconsin,1984,2.35E+10
Lake States,Minnesota,1984,1.03E+10
Corn Belt,Ohio,1984,4.65E+09
Corn Belt,Indiana,1984,2.28E+09
Corn Belt,Illinois,1984,2.56E+09
Corn Belt,Iowa,1984,3.81E+09
Corn Belt,Missouri,1984,2.75E+09
Northern Plains,North Dakota,1984,1.06E+09
Northern Plains,South Dakota,1984,1.62E+09
Northern Plains,Nebraska,1984,1.23E+09
Northern Plains,Kansas,1984,1.23E+09
Appalachian,Virginia,1984,1.97E+09
Appalachian,West Virginia,1984,3.69E+08
Appalachian,North Carolina,1984,1.65E+09
Appalachian,Kentucky,1984,2.11E+09
Appalachian,Tennessee,1984,2.15E+09
Southeast,South Carolina,1984,5.41E+08
Southeast,Georgia,1984,1.27E+09
Southeast,Florida,1984,1.90E+09
Southeast,Alabama,1984,5.36E+08
Delta States,Mississippi,1984,8.47E+08
Delta States,Arkansas,1984,8.08E+08
Delta States,Louisiana,1984,8.93E+08
Southern Plains,Oklahoma,1984,1.13E+09
Southern Plains,Texas,1984,3.85E+09
Mountain,Montana,1984,3.41E+08
Mountain,Idaho,1984,2.19E+09
Mountain,Wyoming,1984,1.32E+08
Mountain,Colorado,1984,9.56E+08
Mountain,New Mexico,1984,1.01E+09
Mountain,Arizona,1984,1.22E+09
Mountain,Utah,1984,1.04E+09
Mountain,Nevada,1984,2.35E+08
Pacific,Washington,1984,3.47E+09
Pacific,Oregon,1984,1.34E+09
Pacific,California,1984,1.53E+10
Pacific,Alaska,1984,1.40E+07
Pacific,Hawaii,1984,1.48E+08
Northeast,Maine,1985,6.73E+08
Northeast,New Hampshire,1985,3.64E+08
Northeast,Vermont,1985,2.41E+09
Northeast,Massachusetts,1985,5.96E+08
Northeast,Rhode Island,1985,4.40E+07
Northeast,Connecticut,1985,6.20E+08
Northeast,New York,1985,1.17E+10
Northeast,New Jersey,1985,4.87E+08
Northeast,Pennsylvania,1985,9.98E+09
Northeast,Delaware,1985,1.47E+08
Northeast,Maryland,1985,1.63E+09
Lake States,Michigan,1985,5.57E+09
Lake States,Wisconsin,1985,2.47E+10
Lake States,Minnesota,1985,1.08E+10
Corn Belt,Ohio,1985,4.87E+09
Corn Belt,Indiana,1985,2.36E+09
Corn Belt,Illinois,1985,2.72E+09
Corn Belt,Iowa,1985,4.06E+09
Corn Belt,Missouri,1985,2.87E+09
Northern Plains,North Dakota,1985,1.12E+09
Northern Plains,South Dakota,1985,1.74E+09
Northern Plains,Nebraska,1985,1.34E+09
Northern Plains,Kansas,1985,1.29E+09
Appalachian,Virginia,1985,2.10E+09
Appalachian,West Virginia,1985,3.82E+08
Appalachian,North Carolina,1985,1.75E+09
Appalachian,Kentucky,1985,2.22E+09
Appalachian,Tennessee,1985,2.24E+09
Southeast,South Carolina,1985,5.76E+08
Southeast,Georgia,1985,1.30E+09
Southeast,Florida,1985,2.04E+09
Southeast,Alabama,1985,5.47E+08
Delta States,Mississippi,1985,8.76E+08
Delta States,Arkansas,1985,8.48E+08
Delta States,Louisiana,1985,9.11E+08
Southern Plains,Oklahoma,1985,1.18E+09
Southern Plains,Texas,1985,3.97E+09
Mountain,Montana,1985,3.49E+08
Mountain,Idaho,1985,2.42E+09
Mountain,Wyoming,1985,1.34E+08
Mountain,Colorado,1985,1.11E+09
Mountain,New Mexico,1985,1.08E+09
Mountain,Arizona,1985,1.35E+09
Mountain,Utah,1985,1.14E+09
Mountain,Nevada,1985,2.42E+08
Pacific,Washington,1985,3.75E+09
Pacific,Oregon,1985,1.44E+09
Pacific,California,1985,1.68E+10
Pacific,Alaska,1985,2.20E+07
Pacific,Hawaii,1985,1.42E+08
Northeast,Maine,1986,6.94E+08
Northeast,New Hampshire,1986,3.73E+08
Northeast,Vermont,1986,2.45E+09
Northeast,Massachusetts,1986,5.59E+08
Northeast,Rhode Island,1986,4.10E+07
Northeast,Connecticut,1986,6.00E+08
Northeast,New York,1986,1.17E+10
Northeast,New Jersey,1986,4.79E+08
Northeast,Pennsylvania,1986,1.02E+10
Northeast,Delaware,1986,1.46E+08
Northeast,Maryland,1986,1.62E+09
Lake States,Michigan,1986,5.40E+09
Lake States,Wisconsin,1986,2.45E+10
Lake States,Minnesota,1986,1.06E+10
Corn Belt,Ohio,1986,4.94E+09
Corn Belt,Indiana,1986,2.35E+09
Corn Belt,Illinois,1986,2.74E+09
Corn Belt,Iowa,1986,3.88E+09
Corn Belt,Missouri,1986,2.93E+09
Northern Plains,North Dakota,1986,1.07E+09
Northern Plains,South Dakota,1986,1.69E+09
Northern Plains,Nebraska,1986,1.35E+09
Northern Plains,Kansas,1986,1.30E+09
Appalachian,Virginia,1986,2.15E+09
Appalachian,West Virginia,1986,3.75E+08
Appalachian,North Carolina,1986,1.70E+09
Appalachian,Kentucky,1986,2.33E+09
Appalachian,Tennessee,1986,2.22E+09
Southeast,South Carolina,1986,5.35E+08
Southeast,Georgia,1986,1.27E+09
Southeast,Florida,1986,2.16E+09
Southeast,Alabama,1986,5.29E+08
Delta States,Mississippi,1986,8.41E+08
Delta States,Arkansas,1986,7.55E+08
Delta States,Louisiana,1986,8.87E+08
Southern Plains,Oklahoma,1986,1.19E+09
Southern Plains,Texas,1986,4.05E+09
Mountain,Montana,1986,3.38E+08
Mountain,Idaho,1986,2.39E+09
Mountain,Wyoming,1986,1.31E+08
Mountain,Colorado,1986,1.19E+09
Mountain,New Mexico,1986,1.09E+09
Mountain,Arizona,1986,1.37E+09
Mountain,Utah,1986,1.16E+09
Mountain,Nevada,1986,2.50E+08
Pacific,Washington,1986,3.76E+09
Pacific,Oregon,1986,1.47E+09
Pacific,California,1986,1.72E+10
Pacific,Alaska,1986,3.20E+07
Pacific,Hawaii,1986,1.56E+08
Northeast,Maine,1987,6.70E+08
Northeast,New Hampshire,1987,3.23E+08
Northeast,Vermont,1987,2.41E+09
Northeast,Massachusetts,1987,5.06E+08
Northeast,Rhode Island,1987,4.00E+07
Northeast,Connecticut,1987,5.67E+08
Northeast,New York,1987,1.14E+10
Northeast,New Jersey,1987,4.36E+08
Northeast,Pennsylvania,1987,1.02E+10
Northeast,Delaware,1987,1.39E+08
Northeast,Maryland,1987,1.51E+09
Lake States,Michigan,1987,5.25E+09
Lake States,Wisconsin,1987,2.48E+10
Lake States,Minnesota,1987,1.04E+10
Corn Belt,Ohio,1987,4.84E+09
Corn Belt,Indiana,1987,2.29E+09
Corn Belt,Illinois,1987,2.78E+09
Corn Belt,Iowa,1987,3.91E+09
Corn Belt,Missouri,1987,2.94E+09
Northern Plains,North Dakota,1987,1.09E+09
Northern Plains,South Dakota,1987,1.72E+09
Northern Plains,Nebraska,1987,1.34E+09
Northern Plains,Kansas,1987,1.26E+09
Appalachian,Virginia,1987,2.02E+09
Appalachian,West Virginia,1987,3.49E+08
Appalachian,North Carolina,1987,1.56E+09
Appalachian,Kentucky,1987,2.34E+09
Appalachian,Tennessee,1987,2.21E+09
Southeast,South Carolina,1987,4.87E+08
Southeast,Georgia,1987,1.16E+09
Southeast,Florida,1987,2.21E+09
Southeast,Alabama,1987,5.02E+08
Delta States,Mississippi,1987,7.86E+08
Delta States,Arkansas,1987,7.48E+08
Delta States,Louisiana,1987,8.81E+08
Southern Plains,Oklahoma,1987,1.17E+09
Southern Plains,Texas,1987,4.28E+09
Mountain,Montana,1987,3.39E+08
Mountain,Idaho,1987,2.38E+09
Mountain,Wyoming,1987,1.20E+08
Mountain,Colorado,1987,1.19E+09
Mountain,New Mexico,1987,9.79E+08
Mountain,Arizona,1987,1.43E+09
Mountain,Utah,1987,1.12E+09
Mountain,Nevada,1987,2.63E+08
Pacific,Washington,1987,3.76E+09
Pacific,Oregon,1987,1.47E+09
Pacific,California,1987,1.79E+10
Pacific,Alaska,1987,3.50E+07
Pacific,Hawaii,1987,1.56E+08
Northeast,Maine,1988,6.44E+08
Northeast,New Hampshire,1988,3.04E+08
Northeast,Vermont,1988,2.39E+09
Northeast,Massachusetts,1988,4.61E+08
Northeast,Rhode Island,1988,3.90E+07
Northeast,Connecticut,1988,5.41E+08
Northeast,New York,1988,1.14E+10
Northeast,New Jersey,1988,3.96E+08
Northeast,Pennsylvania,1988,1.02E+10
Northeast,Delaware,1988,1.35E+08
Northeast,Maryland,1988,1.44E+09
Lake States,Michigan,1988,5.23E+09
Lake States,Wisconsin,1988,2.50E+10
Lake States,Minnesota,1988,1.04E+10
Corn Belt,Ohio,1988,4.79E+09
Corn Belt,Indiana,1988,2.23E+09
Corn Belt,Illinois,1988,2.76E+09
Corn Belt,Iowa,1988,4.04E+09
Corn Belt,Missouri,1988,3.00E+09
Northern Plains,North Dakota,1988,1.06E+09
Northern Plains,South Dakota,1988,1.75E+09
Northern Plains,Nebraska,1988,1.36E+09
Northern Plains,Kansas,1988,1.27E+09
Appalachian,Virginia,1988,2.01E+09
Appalachian,West Virginia,1988,3.01E+08
Appalachian,North Carolina,1988,1.56E+09
Appalachian,Kentucky,1988,2.33E+09
Appalachian,Tennessee,1988,2.14E+09
Southeast,South Carolina,1988,4.77E+08
Southeast,Georgia,1988,1.24E+09
Southeast,Florida,1988,2.35E+09
Southeast,Alabama,1988,5.24E+08
Delta States,Mississippi,1988,7.94E+08
Delta States,Arkansas,1988,7.89E+08
Delta States,Louisiana,1988,9.30E+08
Southern Plains,Oklahoma,1988,1.18E+09
Southern Plains,Texas,1988,4.87E+09
Mountain,Montana,1988,3.52E+08
Mountain,Idaho,1988,2.63E+09
Mountain,Wyoming,1988,1.25E+08
Mountain,Colorado,1988,1.23E+09
Mountain,New Mexico,1988,1.10E+09
Mountain,Arizona,1988,1.50E+09
Mountain,Utah,1988,1.17E+09
Mountain,Nevada,1988,2.78E+08
Pacific,Washington,1988,3.97E+09
Pacific,Oregon,1988,1.50E+09
Pacific,California,1988,1.86E+10
Pacific,Alaska,1988,3.10E+07
Pacific,Hawaii,1988,1.60E+08
Northeast,Maine,1989,6.09E+08
Northeast,New Hampshire,1989,2.92E+08
Northeast,Vermont,1989,2.34E+09
Northeast,Massachusetts,1989,4.48E+08
Northeast,Rhode Island,1989,3.40E+07
Northeast,Connecticut,1989,5.24E+08
Northeast,New York,1989,1.11E+10
Northeast,New Jersey,1989,3.64E+08
Northeast,Pennsylvania,1989,1.00E+10
Northeast,Delaware,1989,1.28E+08
Northeast,Maryland,1989,1.38E+09
Lake States,Michigan,1989,5.15E+09
Lake States,Wisconsin,1989,2.39E+10
Lake States,Minnesota,1989,1.01E+10
Corn Belt,Ohio,1989,4.54E+09
Corn Belt,Indiana,1989,2.23E+09
Corn Belt,Illinois,1989,2.65E+09
Corn Belt,Iowa,1989,4.20E+09
Corn Belt,Missouri,1989,2.98E+09
Northern Plains,North Dakota,1989,1.03E+09
Northern Plains,South Dakota,1989,1.72E+09
Northern Plains,Nebraska,1989,1.36E+09
Northern Plains,Kansas,1989,1.26E+09
Appalachian,Virginia,1989,1.99E+09
Appalachian,West Virginia,1989,2.79E+08
Appalachian,North Carolina,1989,1.53E+09
Appalachian,Kentucky,1989,2.27E+09
Appalachian,Tennessee,1989,2.04E+09
Southeast,South Carolina,1989,4.62E+08
Southeast,Georgia,1989,1.30E+09
Southeast,Florida,1989,2.45E+09
Southeast,Alabama,1989,5.27E+08
Delta States,Mississippi,1989,7.67E+08
Delta States,Arkansas,1989,7.94E+08
Delta States,Louisiana,1989,9.50E+08
Southern Plains,Oklahoma,1989,1.23E+09
Southern Plains,Texas,1989,5.17E+09
Mountain,Montana,1989,3.27E+08
Mountain,Idaho,1989,2.67E+09
Mountain,Wyoming,1989,1.24E+08
Mountain,Colorado,1989,1.28E+09
Mountain,New Mexico,1989,1.24E+09
Mountain,Arizona,1989,1.53E+09
Mountain,Utah,1989,1.17E+09
Mountain,Nevada,1989,2.95E+08
Pacific,Washington,1989,4.10E+09
Pacific,Oregon,1989,1.51E+09
Pacific,California,1989,1.94E+10
Pacific,Alaska,1989,2.30E+07
Pacific,Hawaii,1989,1.54E+08
Northeast,Maine,1990,6.14E+08
Northeast,New Hampshire,1990,3.02E+08
Northeast,Vermont,1990,2.37E+09
Northeast,Massachusetts,1990,4.61E+08
Northeast,Rhode Island,1990,3.40E+07
Northeast,Connecticut,1990,5.15E+08
Northeast,New York,1990,1.11E+10
Northeast,New Jersey,1990,3.52E+08
Northeast,Pennsylvania,1990,1.00E+10
Northeast,Delaware,1990,1.23E+08
Northeast,Maryland,1990,1.37E+09
Lake States,Michigan,1990,5.23E+09
Lake States,Wisconsin,1990,2.42E+10
Lake States,Minnesota,1990,1.00E+10
Corn Belt,Ohio,1990,4.67E+09
Corn Belt,Indiana,1990,2.28E+09
Corn Belt,Illinois,1990,2.56E+09
Corn Belt,Iowa,1990,4.23E+09
Corn Belt,Missouri,1990,3.04E+09
Northern Plains,North Dakota,1990,1.07E+09
Northern Plains,South Dakota,1990,1.72E+09
Northern Plains,Nebraska,1990,1.35E+09
Northern Plains,Kansas,1990,1.25E+09
Appalachian,Virginia,1990,2.00E+09
Appalachian,West Virginia,1990,2.70E+08
Appalachian,North Carolina,1990,1.52E+09
Appalachian,Kentucky,1990,2.26E+09
Appalachian,Tennessee,1990,2.02E+09
Southeast,South Carolina,1990,4.47E+08
Southeast,Georgia,1990,1.44E+09
Southeast,Florida,1990,2.53E+09
Southeast,Alabama,1990,5.13E+08
Delta States,Mississippi,1990,7.49E+08
Delta States,Arkansas,1990,8.17E+08
Delta States,Louisiana,1990,9.40E+08
Southern Plains,Oklahoma,1990,1.25E+09
Southern Plains,Texas,1990,5.54E+09
Mountain,Montana,1990,3.25E+08
Mountain,Idaho,1990,2.95E+09
Mountain,Wyoming,1990,1.25E+08
Mountain,Colorado,1990,1.32E+09
Mountain,New Mexico,1990,1.52E+09
Mountain,Arizona,1990,1.65E+09
Mountain,Utah,1990,1.27E+09
Mountain,Nevada,1990,3.28E+08
Pacific,Washington,1990,4.39E+09
Pacific,Oregon,1990,1.61E+09
Pacific,California,1990,2.09E+10
Pacific,Alaska,1990,1.70E+07
Pacific,Hawaii,1990,1.51E+08
Northeast,Maine,1991,6.21E+08
Northeast,New Hampshire,1991,3.18E+08
Northeast,Vermont,1991,2.41E+09
Northeast,Massachusetts,1991,4.65E+08
Northeast,Rhode Island,1991,3.40E+07
Northeast,Connecticut,1991,5.23E+08
Northeast,New York,1991,1.12E+10
Northeast,New Jersey,1991,3.54E+08
Northeast,Pennsylvania,1991,1.01E+10
Northeast,Delaware,1991,1.30E+08
Northeast,Maryland,1991,1.42E+09
Lake States,Michigan,1991,5.26E+09
Lake States,Wisconsin,1991,2.38E+10
Lake States,Minnesota,1991,9.78E+09
Corn Belt,Ohio,1991,4.70E+09
Corn Belt,Indiana,1991,2.29E+09
Corn Belt,Illinois,1991,2.55E+09
Corn Belt,Iowa,1991,4.15E+09
Corn Belt,Missouri,1991,2.87E+09
Northern Plains,North Dakota,1991,1.04E+09
Northern Plains,South Dakota,1991,1.67E+09
Northern Plains,Nebraska,1991,1.28E+09
Northern Plains,Kansas,1991,1.23E+09
Appalachian,Virginia,1991,2.05E+09
Appalachian,West Virginia,1991,2.70E+08
Appalachian,North Carolina,1991,1.53E+09
Appalachian,Kentucky,1991,2.19E+09
Appalachian,Tennessee,1991,1.99E+09
Southeast,South Carolina,1991,4.05E+08
Southeast,Georgia,1991,1.45E+09
Southeast,Florida,1991,2.51E+09
Southeast,Alabama,1991,5.21E+08
Delta States,Mississippi,1991,7.38E+08
Delta States,Arkansas,1991,7.83E+08
Delta States,Louisiana,1991,9.34E+08
Southern Plains,Oklahoma,1991,1.22E+09
Southern Plains,Texas,1991,5.42E+09
Mountain,Montana,1991,3.30E+08
Mountain,Idaho,1991,2.92E+09
Mountain,Wyoming,1991,1.09E+08
Mountain,Colorado,1991,1.34E+09
Mountain,New Mexico,1991,1.92E+09
Mountain,Arizona,1991,1.71E+09
Mountain,Utah,1991,1.26E+09
Mountain,Nevada,1991,3.50E+08
Pacific,Washington,1991,4.46E+09
Pacific,Oregon,1991,1.66E+09
Pacific,California,1991,2.14E+10
Pacific,Alaska,1991,1.30E+07
Pacific,Hawaii,1991,1.41E+08
Northeast,Maine,1992,6.42E+08
Northeast,New Hampshire,1992,3.32E+08
Northeast,Vermont,1992,2.51E+09
Northeast,Massachusetts,1992,4.79E+08
Northeast,Rhode Island,1992,3.30E+07
Northeast,Connecticut,1992,5.41E+08
Northeast,New York,1992,1.16E+10
Northeast,New Jersey,1992,3.57E+08
Northeast,Pennsylvania,1992,1.04E+10
Northeast,Delaware,1992,1.38E+08
Northeast,Maryland,1992,1.44E+09
Lake States,Michigan,1992,5.44E+09
Lake States,Wisconsin,1992,2.38E+10
Lake States,Minnesota,1992,9.86E+09
Corn Belt,Ohio,1992,4.70E+09
Corn Belt,Indiana,1992,2.29E+09
Corn Belt,Illinois,1992,2.53E+09
Corn Belt,Iowa,1992,4.01E+09
Corn Belt,Missouri,1992,2.97E+09
Northern Plains,North Dakota,1992,9.89E+08
Northern Plains,South Dakota,1992,1.66E+09
Northern Plains,Nebraska,1992,1.23E+09
Northern Plains,Kansas,1992,1.22E+09
Appalachian,Virginia,1992,2.05E+09
Appalachian,West Virginia,1992,2.78E+08
Appalachian,North Carolina,1992,1.54E+09
Appalachian,Kentucky,1992,2.15E+09
Appalachian,Tennessee,1992,1.97E+09
Southeast,South Carolina,1992,4.16E+08
Southeast,Georgia,1992,1.52E+09
Southeast,Florida,1992,2.58E+09
Southeast,Alabama,1992,5.03E+08
Delta States,Mississippi,1992,7.56E+08
Delta States,Arkansas,1992,7.87E+08
Delta States,Louisiana,1992,9.60E+08
Southern Plains,Oklahoma,1992,1.23E+09
Southern Plains,Texas,1992,5.59E+09
Mountain,Montana,1992,3.27E+08
Mountain,Idaho,1992,3.14E+09
Mountain,Wyoming,1992,1.04E+08
Mountain,Colorado,1992,1.42E+09
Mountain,New Mexico,1992,2.17E+09
Mountain,Arizona,1992,1.79E+09
Mountain,Utah,1992,1.35E+09
Mountain,Nevada,1992,3.53E+08
Pacific,Washington,1992,4.84E+09
Pacific,Oregon,1992,1.71E+09
Pacific,California,1992,2.21E+10
Pacific,Alaska,1992,1.20E+07
Pacific,Hawaii,1992,1.45E+08
Northeast,Maine,1993,6.63E+08
Northeast,New Hampshire,1993,3.25E+08
Northeast,Vermont,1993,2.50E+09
Northeast,Massachusetts,1993,4.78E+08
Northeast,Rhode Island,1993,3.20E+07
Northeast,Connecticut,1993,5.43E+08
Northeast,New York,1993,1.14E+10
Northeast,New Jersey,1993,3.63E+08
Northeast,Pennsylvania,1993,1.02E+10
Northeast,Delaware,1993,1.47E+08
Northeast,Maryland,1993,1.40E+09
Lake States,Michigan,1993,5.44E+09
Lake States,Wisconsin,1993,2.28E+10
Lake States,Minnesota,1993,9.69E+09
Corn Belt,Ohio,1993,4.62E+09
Corn Belt,Indiana,1993,2.26E+09
Corn Belt,Illinois,1993,2.51E+09
Corn Belt,Iowa,1993,4.05E+09
Corn Belt,Missouri,1993,2.84E+09
Northern Plains,North Dakota,1993,9.18E+08
Northern Plains,South Dakota,1993,1.62E+09
Northern Plains,Nebraska,1993,1.13E+09
Northern Plains,Kansas,1993,1.08E+09
Appalachian,Virginia,1993,2.00E+09
Appalachian,West Virginia,1993,2.75E+08
Appalachian,North Carolina,1993,1.50E+09
Appalachian,Kentucky,1993,2.12E+09
Appalachian,Tennessee,1993,1.90E+09
Southeast,South Carolina,1993,4.18E+08
Southeast,Georgia,1993,1.54E+09
Southeast,Florida,1993,2.56E+09
Southeast,Alabama,1993,5.15E+08
Delta States,Mississippi,1993,7.45E+08
Delta States,Arkansas,1993,7.69E+08
Delta States,Louisiana,1993,9.35E+08
Southern Plains,Oklahoma,1993,1.26E+09
Southern Plains,Texas,1993,5.91E+09
Mountain,Montana,1993,3.07E+08
Mountain,Idaho,1993,3.23E+09
Mountain,Wyoming,1993,1.00E+08
Mountain,Colorado,1993,1.45E+09
Mountain,New Mexico,1993,2.77E+09
Mountain,Arizona,1993,1.88E+09
Mountain,Utah,1993,1.33E+09
Mountain,Nevada,1993,3.48E+08
Pacific,Washington,1993,4.98E+09
Pacific,Oregon,1993,1.69E+09
Pacific,California,1993,2.29E+10
Pacific,Alaska,1993,1.20E+07
Pacific,Hawaii,1993,1.42E+08
Northeast,Maine,1994,6.39E+08
Northeast,New Hampshire,1994,3.13E+08
Northeast,Vermont,1994,2.46E+09
Northeast,Massachusetts,1994,4.55E+08
Northeast,Rhode Island,1994,3.20E+07
Northeast,Connecticut,1994,5.30E+08
Northeast,New York,1994,1.14E+10
Northeast,New Jersey,1994,3.30E+08
Northeast,Pennsylvania,1994,1.02E+10
Northeast,Delaware,1994,1.43E+08
Northeast,Maryland,1994,1.34E+09
Lake States,Michigan,1994,5.55E+09
Lake States,Wisconsin,1994,2.24E+10
Lake States,Minnesota,1994,9.34E+09
Corn Belt,Ohio,1994,4.51E+09
Corn Belt,Indiana,1994,2.26E+09
Corn Belt,Illinois,1994,2.45E+09
Corn Belt,Iowa,1994,3.96E+09
Corn Belt,Missouri,1994,2.72E+09
Northern Plains,North Dakota,1994,8.69E+08
Northern Plains,South Dakota,1994,1.59E+09
Northern Plains,Nebraska,1994,1.11E+09
Northern Plains,Kansas,1994,1.13E+09
Appalachian,Virginia,1994,1.92E+09
Appalachian,West Virginia,1994,2.72E+08
Appalachian,North Carolina,1994,1.47E+09
Appalachian,Kentucky,1994,2.01E+09
Appalachian,Tennessee,1994,1.81E+09
Southeast,South Carolina,1994,4.11E+08
Southeast,Georgia,1994,1.60E+09
Southeast,Florida,1994,2.62E+09
Southeast,Alabama,1994,5.00E+08
Delta States,Mississippi,1994,7.31E+08
Delta States,Arkansas,1994,7.53E+08
Delta States,Louisiana,1994,9.25E+08
Southern Plains,Oklahoma,1994,1.29E+09
Southern Plains,Texas,1994,6.23E+09
Mountain,Montana,1994,3.07E+08
Mountain,Idaho,1994,3.75E+09
Mountain,Wyoming,1994,9.10E+07
Mountain,Colorado,1994,1.55E+09
Mountain,New Mexico,1994,3.33E+09
Mountain,Arizona,1994,2.13E+09
Mountain,Utah,1994,1.43E+09
Mountain,Nevada,1994,4.13E+08
Pacific,Washington,1994,5.20E+09
Pacific,Oregon,1994,1.71E+09
Pacific,California,1994,2.52E+10
Pacific,Alaska,1994,1.30E+07
Pacific,Hawaii,1994,1.39E+08
Northeast,Maine,1995,6.41E+08
Northeast,New Hampshire,1995,3.26E+08
Northeast,Vermont,1995,2.55E+09
Northeast,Massachusetts,1995,4.48E+08
Northeast,Rhode Island,1995,3.30E+07
Northeast,Connecticut,1995,5.26E+08
Northeast,New York,1995,1.16E+10
Northeast,New Jersey,1995,3.20E+08
Northeast,Pennsylvania,1995,1.05E+10
Northeast,Delaware,1995,1.45E+08
Northeast,Maryland,1995,1.34E+09
Lake States,Michigan,1995,5.57E+09
Lake States,Wisconsin,1995,2.29E+10
Lake States,Minnesota,1995,9.41E+09
Corn Belt,Ohio,1995,4.60E+09
Corn Belt,Indiana,1995,2.21E+09
Corn Belt,Illinois,1995,2.40E+09
Corn Belt,Iowa,1995,4.05E+09
Corn Belt,Missouri,1995,2.69E+09
Northern Plains,North Dakota,1995,8.38E+08
Northern Plains,South Dakota,1995,1.58E+09
Northern Plains,Nebraska,1995,1.10E+09
Northern Plains,Kansas,1995,1.18E+09
Appalachian,Virginia,1995,1.95E+09
Appalachian,West Virginia,1995,2.66E+08
Appalachian,North Carolina,1995,1.40E+09
Appalachian,Kentucky,1995,2.02E+09
Appalachian,Tennessee,1995,1.75E+09
Southeast,South Carolina,1995,3.91E+08
Southeast,Georgia,1995,1.56E+09
Southeast,Florida,1995,2.38E+09
Southeast,Alabama,1995,4.82E+08
Delta States,Mississippi,1995,7.10E+08
Delta States,Arkansas,1995,7.29E+08
Delta States,Louisiana,1995,9.05E+08
Southern Plains,Oklahoma,1995,1.29E+09
Southern Plains,Texas,1995,6.11E+09
Mountain,Montana,1995,3.15E+08
Mountain,Idaho,1995,4.21E+09
Mountain,Wyoming,1995,8.70E+07
Mountain,Colorado,1995,1.55E+09
Mountain,New Mexico,1995,3.62E+09
Mountain,Arizona,1995,2.23E+09
Mountain,Utah,1995,1.47E+09
Mountain,Nevada,1995,4.26E+08
Pacific,Washington,1995,5.30E+09
Pacific,Oregon,1995,1.68E+09
Pacific,California,1995,2.53E+10
Pacific,Alaska,1995,1.20E+07
Pacific,Hawaii,1995,1.42E+08
Northeast,Maine,1996,6.48E+08
Northeast,New Hampshire,1996,3.24E+08
Northeast,Vermont,1996,2.57E+09
Northeast,Massachusetts,1996,4.40E+08
Northeast,Rhode Island,1996,3.10E+07
Northeast,Connecticut,1996,4.99E+08
Northeast,New York,1996,1.15E+10
Northeast,New Jersey,1996,2.97E+08
Northeast,Pennsylvania,1996,1.05E+10
Northeast,Delaware,1996,1.40E+08
Northeast,Maryland,1996,1.31E+09
Lake States,Michigan,1996,5.43E+09
Lake States,Wisconsin,1996,2.24E+10
Lake States,Minnesota,1996,9.44E+09
Corn Belt,Ohio,1996,4.36E+09
Corn Belt,Indiana,1996,2.17E+09
Corn Belt,Illinois,1996,2.25E+09
Corn Belt,Iowa,1996,3.78E+09
Corn Belt,Missouri,1996,2.44E+09
Northern Plains,North Dakota,1996,8.04E+08
Northern Plains,South Dakota,1996,1.47E+09
Northern Plains,Nebraska,1996,1.05E+09
Northern Plains,Kansas,1996,1.20E+09
Appalachian,Virginia,1996,1.81E+09
Appalachian,West Virginia,1996,2.52E+08
Appalachian,North Carolina,1996,1.31E+09
Appalachian,Kentucky,1996,1.86E+09
Appalachian,Tennessee,1996,1.63E+09
Southeast,South Carolina,1996,3.81E+08
Southeast,Georgia,1996,1.49E+09
Southeast,Florida,1996,2.40E+09
Southeast,Alabama,1996,4.34E+08
Delta States,Mississippi,1996,6.58E+08
Delta States,Arkansas,1996,6.75E+08
Delta States,Louisiana,1996,8.38E+08
Southern Plains,Oklahoma,1996,1.25E+09
Southern Plains,Texas,1996,6.12E+09
Mountain,Montana,1996,3.07E+08
Mountain,Idaho,1996,4.74E+09
Mountain,Wyoming,1996,8.80E+07
Mountain,Colorado,1996,1.63E+09
Mountain,New Mexico,1996,3.75E+09
Mountain,Arizona,1996,2.47E+09
Mountain,Utah,1996,1.55E+09
Mountain,Nevada,1996,4.70E+08
Pacific,Washington,1996,5.28E+09
Pacific,Oregon,1996,1.61E+09
Pacific,California,1996,2.58E+10
Pacific,Alaska,1996,1.40E+07
Pacific,Hawaii,1996,1.29E+08
Northeast,Maine,1997,6.62E+08
Northeast,New Hampshire,1997,3.28E+08
Northeast,Vermont,1997,2.60E+09
Northeast,Massachusetts,1997,4.34E+08
Northeast,Rhode Island,1997,3.20E+07
Northeast,Connecticut,1997,5.09E+08
Northeast,New York,1997,1.15E+10
Northeast,New Jersey,1997,2.99E+08
Northeast,Pennsylvania,1997,1.07E+10
Northeast,Delaware,1997,1.48E+08
Northeast,Maryland,1997,1.33E+09
Lake States,Michigan,1997,5.41E+09
Lake States,Wisconsin,1997,2.24E+10
Lake States,Minnesota,1997,9.21E+09
Corn Belt,Ohio,1997,4.42E+09
Corn Belt,Indiana,1997,2.19E+09
Corn Belt,Illinois,1997,2.20E+09
Corn Belt,Iowa,1997,3.69E+09
Corn Belt,Missouri,1997,2.36E+09
Northern Plains,North Dakota,1997,7.13E+08
Northern Plains,South Dakota,1997,1.38E+09
Northern Plains,Nebraska,1997,1.04E+09
Northern Plains,Kansas,1997,1.29E+09
Appalachian,Virginia,1997,1.86E+09
Appalachian,West Virginia,1997,2.66E+08
Appalachian,North Carolina,1997,1.30E+09
Appalachian,Kentucky,1997,1.82E+09
Appalachian,Tennessee,1997,1.61E+09
Southeast,South Carolina,1997,3.97E+08
Southeast,Georgia,1997,1.49E+09
Southeast,Florida,1997,2.48E+09
Southeast,Alabama,1997,4.18E+08
Delta States,Mississippi,1997,6.34E+08
Delta States,Arkansas,1997,6.35E+08
Delta States,Louisiana,1997,7.94E+08
Southern Plains,Oklahoma,1997,1.25E+09
Southern Plains,Texas,1997,5.77E+09
Mountain,Montana,1997,2.95E+08
Mountain,Idaho,1997,5.19E+09
Mountain,Wyoming,1997,8.40E+07
Mountain,Colorado,1997,1.68E+09
Mountain,New Mexico,1997,4.01E+09
Mountain,Arizona,1997,2.66E+09
Mountain,Utah,1997,1.54E+09
Mountain,Nevada,1997,4.77E+08
Pacific,Washington,1997,5.31E+09
Pacific,Oregon,1997,1.61E+09
Pacific,California,1997,2.76E+10
Pacific,Alaska,1997,1.50E+07
Pacific,Hawaii,1997,1.23E+08
Northeast,Maine,1998,6.80E+08
Northeast,New Hampshire,1998,3.33E+08
Northeast,Vermont,1998,2.65E+09
Northeast,Massachusetts,1998,4.38E+08
Northeast,Rhode Island,1998,3.30E+07
Northeast,Connecticut,1998,5.29E+08
Northeast,New York,1998,1.18E+10
Northeast,New Jersey,1998,2.92E+08
Northeast,Pennsylvania,1998,1.08E+10
Northeast,Delaware,1998,1.59E+08
Northeast,Maryland,1998,1.34E+09
Lake States,Michigan,1998,5.37E+09
Lake States,Wisconsin,1998,2.28E+10
Lake States,Minnesota,1998,9.28E+09
Corn Belt,Ohio,1998,4.41E+09
Corn Belt,Indiana,1998,2.19E+09
Corn Belt,Illinois,1998,2.12E+09
Corn Belt,Iowa,1998,3.81E+09
Corn Belt,Missouri,1998,2.37E+09
Northern Plains,North Dakota,1998,7.06E+08
Northern Plains,South Dakota,1998,1.39E+09
Northern Plains,Nebraska,1998,1.05E+09
Northern Plains,Kansas,1998,1.32E+09
Appalachian,Virginia,1998,1.84E+09
Appalachian,West Virginia,1998,2.78E+08
Appalachian,North Carolina,1998,1.25E+09
Appalachian,Kentucky,1998,1.71E+09
Appalachian,Tennessee,1998,1.50E+09
Southeast,South Carolina,1998,3.74E+08
Southeast,Georgia,1998,1.44E+09
Southeast,Florida,1998,2.34E+09
Southeast,Alabama,1998,3.86E+08
Delta States,Mississippi,1998,5.79E+08
Delta States,Arkansas,1998,5.40E+08
Delta States,Louisiana,1998,7.51E+08
Southern Plains,Oklahoma,1998,1.24E+09
Southern Plains,Texas,1998,5.61E+09
Mountain,Montana,1998,2.91E+08
Mountain,Idaho,1998,5.77E+09
Mountain,Wyoming,1998,8.00E+07
Mountain,Colorado,1998,1.69E+09
Mountain,New Mexico,1998,4.35E+09
Mountain,Arizona,1998,2.68E+09
Mountain,Utah,1998,1.51E+09
Mountain,Nevada,1998,5.02E+08
Pacific,Washington,1998,5.33E+09
Pacific,Oregon,1998,1.58E+09
Pacific,California,1998,2.76E+10
Pacific,Alaska,1998,1.40E+07
Pacific,Hawaii,1998,1.29E+08
Northeast,Maine,1999,6.89E+08
Northeast,New Hampshire,1999,3.21E+08
Northeast,Vermont,1999,2.71E+09
Northeast,Massachusetts,1999,4.20E+08
Northeast,Rhode Island,1999,3.10E+07
Northeast,Connecticut,1999,5.20E+08
Northeast,New York,1999,1.21E+10
Northeast,New Jersey,1999,2.80E+08
Northeast,Pennsylvania,1999,1.09E+10
Northeast,Delaware,1999,1.45E+08
Northeast,Maryland,1999,1.37E+09
Lake States,Michigan,1999,5.46E+09
Lake States,Wisconsin,1999,2.31E+10
Lake States,Minnesota,1999,9.48E+09
Corn Belt,Ohio,1999,4.44E+09
Corn Belt,Indiana,1999,2.19E+09
Corn Belt,Illinois,1999,2.03E+09
Corn Belt,Iowa,1999,3.80E+09
Corn Belt,Missouri,1999,2.24E+09
Northern Plains,North Dakota,1999,6.89E+08
Northern Plains,South Dakota,1999,1.42E+09
Northern Plains,Nebraska,1999,1.14E+09
Northern Plains,Kansas,1999,1.41E+09
Appalachian,Virginia,1999,1.87E+09
Appalachian,West Virginia,1999,2.75E+08
Appalachian,North Carolina,1999,1.22E+09
Appalachian,Kentucky,1999,1.65E+09
Appalachian,Tennessee,1999,1.42E+09
Southeast,South Carolina,1999,3.69E+08
Southeast,Georgia,1999,1.45E+09
Southeast,Florida,1999,2.40E+09
Southeast,Alabama,1999,3.76E+08
Delta States,Mississippi,1999,5.52E+08
Delta States,Arkansas,1999,5.20E+08
Delta States,Louisiana,1999,7.11E+08
Southern Plains,Oklahoma,1999,1.25E+09
Southern Plains,Texas,1999,5.62E+09
Mountain,Montana,1999,3.03E+08
Mountain,Idaho,1999,6.45E+09
Mountain,Wyoming,1999,8.00E+07
Mountain,Colorado,1999,1.73E+09
Mountain,New Mexico,1999,4.72E+09
Mountain,Arizona,1999,2.93E+09
Mountain,Utah,1999,1.62E+09
Mountain,Nevada,1999,4.56E+08
Pacific,Washington,1999,5.54E+09
Pacific,Oregon,1999,1.67E+09
Pacific,California,1999,3.04E+10
Pacific,Alaska,1999,1.40E+07
Pacific,Hawaii,1999,1.20E+08
Northeast,Maine,2.00E+03,6.68E+08
Northeast,New Hampshire,2.00E+03,3.12E+08
Northeast,Vermont,2.00E+03,2.68E+09
Northeast,Massachusetts,2.00E+03,3.76E+08
Northeast,Rhode Island,2.00E+03,2.80E+07
Northeast,Connecticut,2.00E+03,4.80E+08
Northeast,New York,2.00E+03,1.19E+10
Northeast,New Jersey,2.00E+03,2.44E+08
Northeast,Pennsylvania,2.00E+03,1.12E+10
Northeast,Delaware,2.00E+03,1.46E+08
Northeast,Maryland,2.00E+03,1.35E+09
Lake States,Michigan,2.00E+03,5.71E+09
Lake States,Wisconsin,2.00E+03,2.33E+10
Lake States,Minnesota,2.00E+03,9.49E+09
Corn Belt,Ohio,2.00E+03,4.46E+09
Corn Belt,Indiana,2.00E+03,2.42E+09
Corn Belt,Illinois,2.00E+03,2.09E+09
Corn Belt,Iowa,2.00E+03,3.93E+09
Corn Belt,Missouri,2.00E+03,2.26E+09
Northern Plains,North Dakota,2.00E+03,6.86E+08
Northern Plains,South Dakota,2.00E+03,1.47E+09
Northern Plains,Nebraska,2.00E+03,1.26E+09
Northern Plains,Kansas,2.00E+03,1.54E+09
Appalachian,Virginia,2.00E+03,1.90E+09
Appalachian,West Virginia,2.00E+03,2.65E+08
Appalachian,North Carolina,2.00E+03,1.19E+09
Appalachian,Kentucky,2.00E+03,1.70E+09
Appalachian,Tennessee,2.00E+03,1.41E+09
Southeast,South Carolina,2.00E+03,3.70E+08
Southeast,Georgia,2.00E+03,1.43E+09
Southeast,Florida,2.00E+03,2.46E+09
Southeast,Alabama,2.00E+03,3.48E+08
Delta States,Mississippi,2.00E+03,5.41E+08
Delta States,Arkansas,2.00E+03,4.85E+08
Delta States,Louisiana,2.00E+03,6.98E+08
Southern Plains,Oklahoma,2.00E+03,1.31E+09
Southern Plains,Texas,2.00E+03,5.74E+09
Mountain,Montana,2.00E+03,3.38E+08
Mountain,Idaho,2.00E+03,7.22E+09
Mountain,Wyoming,2.00E+03,7.60E+07
Mountain,Colorado,2.00E+03,1.92E+09
Mountain,New Mexico,2.00E+03,5.24E+09
Mountain,Arizona,2.00E+03,3.03E+09
Mountain,Utah,2.00E+03,1.69E+09
Mountain,Nevada,2.00E+03,4.76E+08
Pacific,Washington,2.00E+03,5.59E+09
Pacific,Oregon,2.00E+03,1.64E+09
Pacific,California,2.00E+03,3.22E+10
Pacific,Alaska,2.00E+03,1.30E+07
Pacific,Hawaii,2.00E+03,1.16E+08
Northeast,Maine,2001,6.54E+08
Northeast,New Hampshire,2001,3.22E+08
Northeast,Vermont,2001,2.67E+09
Northeast,Massachusetts,2001,3.57E+08
Northeast,Rhode Island,2001,2.30E+07
Northeast,Connecticut,2001,4.56E+08
Northeast,New York,2001,1.18E+10
Northeast,New Jersey,2001,2.33E+08
Northeast,Pennsylvania,2001,1.08E+10
Northeast,Delaware,2001,1.50E+08
Northeast,Maryland,2001,1.29E+09
Lake States,Michigan,2001,5.87E+09
Lake States,Wisconsin,2001,2.22E+10
Lake States,Minnesota,2001,8.81E+09
Corn Belt,Ohio,2001,4.30E+09
Corn Belt,Indiana,2001,2.57E+09
Corn Belt,Illinois,2001,2.02E+09
Corn Belt,Iowa,2001,3.79E+09
Corn Belt,Missouri,2001,1.95E+09
Northern Plains,North Dakota,2001,6.44E+08
Northern Plains,South Dakota,2001,1.37E+09
Northern Plains,Nebraska,2001,1.17E+09
Northern Plains,Kansas,2001,1.61E+09
Appalachian,Virginia,2001,1.89E+09
Appalachian,West Virginia,2001,2.49E+08
Appalachian,North Carolina,2001,1.15E+09
Appalachian,Kentucky,2001,1.66E+09
Appalachian,Tennessee,2001,1.34E+09
Southeast,South Carolina,2001,3.67E+08
Southeast,Georgia,2001,1.43E+09
Southeast,Florida,2001,2.41E+09
Southeast,Alabama,2001,3.00E+08
Delta States,Mississippi,2001,4.97E+08
Delta States,Arkansas,2001,4.32E+08
Delta States,Louisiana,2001,6.32E+08
Southern Plains,Oklahoma,2001,1.33E+09
Southern Plains,Texas,2001,5.11E+09
Mountain,Montana,2001,3.46E+08
Mountain,Idaho,2001,7.76E+09
Mountain,Wyoming,2001,6.30E+07
Mountain,Colorado,2001,1.97E+09
Mountain,New Mexico,2001,5.56E+09
Mountain,Arizona,2001,3.09E+09
Mountain,Utah,2001,1.64E+09
Mountain,Nevada,2001,4.85E+08
Pacific,Washington,2001,5.51E+09
Pacific,Oregon,2001,1.72E+09
Pacific,California,2001,3.32E+10
Pacific,Alaska,2001,1.40E+07
Pacific,Hawaii,2001,1.06E+08
Northeast,Maine,2002,6.56E+08
Northeast,New Hampshire,2002,3.28E+08
Northeast,Vermont,2002,2.70E+09
Northeast,Massachusetts,2002,3.61E+08
Northeast,Rhode Island,2002,2.30E+07
Northeast,Connecticut,2002,4.47E+08
Northeast,New York,2002,1.22E+10
Northeast,New Jersey,2002,2.36E+08
Northeast,Pennsylvania,2002,1.08E+10
Northeast,Delaware,2002,1.50E+08
Northeast,Maryland,2002,1.30E+09
Lake States,Michigan,2002,6.12E+09
Lake States,Wisconsin,2002,2.21E+10
Lake States,Minnesota,2002,8.46E+09
Corn Belt,Ohio,2002,4.48E+09
Corn Belt,Indiana,2002,2.66E+09
Corn Belt,Illinois,2002,2.05E+09
Corn Belt,Iowa,2002,3.80E+09
Corn Belt,Missouri,2002,1.95E+09
Northern Plains,North Dakota,2002,5.93E+08
Northern Plains,South Dakota,2002,1.29E+09
Northern Plains,Nebraska,2002,1.17E+09
Northern Plains,Kansas,2002,2.03E+09
Appalachian,Virginia,2002,1.89E+09
Appalachian,West Virginia,2002,2.43E+08
Appalachian,North Carolina,2002,1.14E+09
Appalachian,Kentucky,2002,1.61E+09
Appalachian,Tennessee,2002,1.32E+09
Southeast,South Carolina,2002,3.64E+08
Southeast,Georgia,2002,1.47E+09
Southeast,Florida,2002,2.31E+09
Southeast,Alabama,2002,2.77E+08
Delta States,Mississippi,2002,4.78E+08
Delta States,Arkansas,2002,3.93E+08
Delta States,Louisiana,2002,5.79E+08
Southern Plains,Oklahoma,2002,1.31E+09
Southern Plains,Texas,2002,5.30E+09
Mountain,Montana,2002,3.41E+08
Mountain,Idaho,2002,8.16E+09
Mountain,Wyoming,2002,6.30E+07
Mountain,Colorado,2002,2.16E+09
Mountain,New Mexico,2002,6.32E+09
Mountain,Arizona,2002,3.43E+09
Mountain,Utah,2002,1.67E+09
Mountain,Nevada,2002,5.01E+08
Pacific,Washington,2002,5.62E+09
Pacific,Oregon,2002,2.09E+09
Pacific,California,2002,3.51E+10
Pacific,Alaska,2002,1.80E+07
Pacific,Hawaii,2002,9.70E+07
Northeast,Maine,2003,6.24E+08
Northeast,New Hampshire,2003,3.05E+08
Northeast,Vermont,2003,2.64E+09
Northeast,Massachusetts,2003,3.32E+08
Northeast,Rhode Island,2003,2.20E+07
Northeast,Connecticut,2003,4.13E+08
Northeast,New York,2003,1.20E+10
Northeast,New Jersey,2003,2.16E+08
Northeast,Pennsylvania,2003,1.03E+10
Northeast,Delaware,2003,1.30E+08
Northeast,Maryland,2003,1.18E+09
Lake States,Michigan,2003,6.38E+09
Lake States,Wisconsin,2003,2.23E+10
Lake States,Minnesota,2003,8.26E+09
Corn Belt,Ohio,2003,4.49E+09
Corn Belt,Indiana,2003,2.94E+09
Corn Belt,Illinois,2003,2.05E+09
Corn Belt,Iowa,2003,3.81E+09
Corn Belt,Missouri,2003,1.89E+09
Northern Plains,North Dakota,2003,5.00E+08
Northern Plains,South Dakota,2003,1.33E+09
Northern Plains,Nebraska,2003,1.13E+09
Northern Plains,Kansas,2003,2.13E+09
Appalachian,Virginia,2003,1.73E+09
Appalachian,West Virginia,2003,2.16E+08
Appalachian,North Carolina,2003,1.04E+09
Appalachian,Kentucky,2003,1.47E+09
Appalachian,Tennessee,2003,1.21E+09
Southeast,South Carolina,2003,3.18E+08
Southeast,Georgia,2003,1.44E+09
Southeast,Florida,2003,2.16E+09
Southeast,Alabama,2003,2.52E+08
Delta States,Mississippi,2003,4.23E+08
Delta States,Arkansas,2003,3.54E+08
Delta States,Louisiana,2003,5.19E+08
Southern Plains,Oklahoma,2003,1.31E+09
Southern Plains,Texas,2003,5.63E+09
Mountain,Montana,2003,3.45E+08
Mountain,Idaho,2003,8.77E+09
Mountain,Wyoming,2003,5.40E+07
Mountain,Colorado,2003,2.15E+09
Mountain,New Mexico,2003,6.67E+09
Mountain,Arizona,2003,3.55E+09
Mountain,Utah,2003,1.62E+09
Mountain,Nevada,2003,4.85E+08
Pacific,Washington,2003,5.58E+09
Pacific,Oregon,2003,2.19E+09
Pacific,California,2003,3.54E+10
Pacific,Alaska,2003,1.70E+07
Pacific,Hawaii,2003,9.20E+07
Northeast,Maine,2004,6.12E+08
Northeast,New Hampshire,2004,3.03E+08
Northeast,Vermont,2004,2.59E+09
Northeast,Massachusetts,2004,2.96E+08
Northeast,Rhode Island,2004,2.00E+07
Northeast,Connecticut,2004,3.92E+08
Northeast,New York,2004,1.17E+10
Northeast,New Jersey,2004,2.00E+08
Northeast,Pennsylvania,2004,1.01E+10
Northeast,Delaware,2004,1.25E+08
Northeast,Maryland,2004,1.12E+09
Lake States,Michigan,2004,6.33E+09
Lake States,Wisconsin,2004,2.21E+10
Lake States,Minnesota,2004,8.10E+09
Corn Belt,Ohio,2004,4.56E+09
Corn Belt,Indiana,2004,3.03E+09
Corn Belt,Illinois,2004,1.98E+09
Corn Belt,Iowa,2004,3.85E+09
Corn Belt,Missouri,2004,1.85E+09
Northern Plains,North Dakota,2004,4.65E+08
Northern Plains,South Dakota,2004,1.35E+09
Northern Plains,Nebraska,2004,1.05E+09
Northern Plains,Kansas,2004,2.22E+09
Appalachian,Virginia,2004,1.73E+09
Appalachian,West Virginia,2004,1.94E+08
Appalachian,North Carolina,2004,1.01E+09
Appalachian,Kentucky,2004,1.42E+09
Appalachian,Tennessee,2004,1.16E+09
Southeast,South Carolina,2004,2.87E+08
Southeast,Georgia,2004,1.42E+09
Southeast,Florida,2004,2.25E+09
Southeast,Alabama,2004,2.45E+08
Delta States,Mississippi,2004,3.79E+08
Delta States,Arkansas,2004,3.23E+08
Delta States,Louisiana,2004,4.79E+08
Southern Plains,Oklahoma,2004,1.26E+09
Southern Plains,Texas,2004,6.01E+09
Mountain,Montana,2004,3.48E+08
Mountain,Idaho,2004,9.09E+09
Mountain,Wyoming,2004,6.30E+07
Mountain,Colorado,2004,2.18E+09
Mountain,New Mexico,2004,6.74E+09
Mountain,Arizona,2004,3.65E+09
Mountain,Utah,2004,1.62E+09
Mountain,Nevada,2004,5.09E+08
Pacific,Washington,2004,5.42E+09
Pacific,Oregon,2004,2.27E+09
Pacific,California,2004,3.65E+10
Pacific,Alaska,2004,1.50E+07
Pacific,Hawaii,2004,8.10E+07
Northeast,Maine,2005,5.95E+08
Northeast,New Hampshire,2005,3.02E+08
Northeast,Vermont,2005,2.64E+09
Northeast,Massachusetts,2005,2.90E+08
Northeast,Rhode Island,2005,1.90E+07
Northeast,Connecticut,2005,3.84E+08
Northeast,New York,2005,1.21E+10
Northeast,New Jersey,2005,1.92E+08
Northeast,Pennsylvania,2005,1.05E+10
Northeast,Delaware,2005,1.23E+08
Northeast,Maryland,2005,1.14E+09
Lake States,Michigan,2005,6.75E+09
Lake States,Wisconsin,2005,2.29E+10
Lake States,Minnesota,2005,8.20E+09
Corn Belt,Ohio,2005,4.74E+09
Corn Belt,Indiana,2005,3.17E+09
Corn Belt,Illinois,2005,1.96E+09
Corn Belt,Iowa,2005,4.03E+09
Corn Belt,Missouri,2005,1.88E+09
Northern Plains,North Dakota,2005,4.68E+08
Northern Plains,South Dakota,2005,1.44E+09
Northern Plains,Nebraska,2005,1.08E+09
Northern Plains,Kansas,2005,2.28E+09
Appalachian,Virginia,2005,1.78E+09
Appalachian,West Virginia,2005,1.94E+08
Appalachian,North Carolina,2005,1.01E+09
Appalachian,Kentucky,2005,1.37E+09
Appalachian,Tennessee,2005,1.10E+09
Southeast,South Carolina,2005,2.88E+08
Southeast,Georgia,2005,1.40E+09
Southeast,Florida,2005,2.27E+09
Southeast,Alabama,2005,2.24E+08
Delta States,Mississippi,2005,3.82E+08
Delta States,Arkansas,2005,2.98E+08
Delta States,Louisiana,2005,4.34E+08
Southern Plains,Oklahoma,2005,1.24E+09
Southern Plains,Texas,2005,6.44E+09
Mountain,Montana,2005,3.72E+08
Mountain,Idaho,2005,1.02E+10
Mountain,Wyoming,2005,7.30E+07
Mountain,Colorado,2005,2.35E+09
Mountain,New Mexico,2005,6.95E+09
Mountain,Arizona,2005,3.74E+09
Mountain,Utah,2005,1.66E+09
Mountain,Nevada,2005,5.42E+08
Pacific,Washington,2005,5.61E+09
Pacific,Oregon,2005,2.28E+09
Pacific,California,2005,3.76E+10
Pacific,Alaska,2005,1.40E+07
Pacific,Hawaii,2005,7.00E+07
Northeast,Maine,2006,5.74E+08
Northeast,New Hampshire,2006,2.93E+08
Northeast,Vermont,2006,2.59E+09
Northeast,Massachusetts,2006,2.78E+08
Northeast,Rhode Island,2006,1.90E+07
Northeast,Connecticut,2006,3.67E+08
Northeast,New York,2006,1.20E+10
Northeast,New Jersey,2006,1.78E+08
Northeast,Pennsylvania,2006,1.07E+10
Northeast,Delaware,2006,1.14E+08
Northeast,Maryland,2006,1.11E+09
Lake States,Michigan,2006,7.12E+09
Lake States,Wisconsin,2006,2.34E+10
Lake States,Minnesota,2006,8.37E+09
Corn Belt,Ohio,2006,4.86E+09
Corn Belt,Indiana,2006,3.28E+09
Corn Belt,Illinois,2006,1.98E+09
Corn Belt,Iowa,2006,4.13E+09
Corn Belt,Missouri,2006,1.84E+09
Northern Plains,North Dakota,2006,4.70E+08
Northern Plains,South Dakota,2006,1.51E+09
Northern Plains,Nebraska,2006,1.12E+09
Northern Plains,Kansas,2006,2.35E+09
Appalachian,Virginia,2006,1.77E+09
Appalachian,West Virginia,2006,2.00E+08
Appalachian,North Carolina,2006,9.44E+08
Appalachian,Kentucky,2006,1.30E+09
Appalachian,Tennessee,2006,1.05E+09
Southeast,South Carolina,2006,2.77E+08
Southeast,Georgia,2006,1.40E+09
Southeast,Florida,2006,2.17E+09
Southeast,Alabama,2006,2.03E+08
Delta States,Mississippi,2006,3.44E+08
Delta States,Arkansas,2006,2.58E+08
Delta States,Louisiana,2006,3.96E+08
Southern Plains,Oklahoma,2006,1.21E+09
Southern Plains,Texas,2006,7.16E+09
Mountain,Montana,2006,3.54E+08
Mountain,Idaho,2006,1.09E+10
Mountain,Wyoming,2006,1.18E+08
Mountain,Colorado,2006,2.55E+09
Mountain,New Mexico,2006,7.61E+09
Mountain,Arizona,2006,3.95E+09
Mountain,Utah,2006,1.75E+09
Mountain,Nevada,2006,5.44E+08
Pacific,Washington,2006,5.46E+09
Pacific,Oregon,2006,2.24E+09
Pacific,California,2006,3.88E+10
Pacific,Alaska,2006,1.00E+07
Pacific,Hawaii,2006,5.70E+07
Northeast,Maine,2007,5.87E+08
Northeast,New Hampshire,2007,2.90E+08
Northeast,Vermont,2007,2.53E+09
Northeast,Massachusetts,2007,2.55E+08
Northeast,Rhode Island,2007,1.80E+07
Northeast,Connecticut,2007,3.65E+08
Northeast,New York,2007,1.21E+10
Northeast,New Jersey,2007,1.68E+08
Northeast,Pennsylvania,2007,1.07E+10
Northeast,Delaware,2007,1.13E+08
Northeast,Maryland,2007,1.05E+09
Lake States,Michigan,2007,7.63E+09
Lake States,Wisconsin,2007,2.41E+10
Lake States,Minnesota,2007,8.66E+09
Corn Belt,Ohio,2007,4.98E+09
Corn Belt,Indiana,2007,3.37E+09
Corn Belt,Illinois,2007,1.92E+09
Corn Belt,Iowa,2007,4.28E+09
Corn Belt,Missouri,2007,1.68E+09
Northern Plains,North Dakota,2007,4.44E+08
Northern Plains,South Dakota,2007,1.64E+09
Northern Plains,Nebraska,2007,1.08E+09
Northern Plains,Kansas,2007,2.19E+09
Appalachian,Virginia,2007,1.75E+09
Appalachian,West Virginia,2007,1.95E+08
Appalachian,North Carolina,2007,9.21E+08
Appalachian,Kentucky,2007,1.25E+09
Appalachian,Tennessee,2007,9.99E+08
Southeast,South Carolina,2007,3.22E+08
Southeast,Georgia,2007,1.40E+09
Southeast,Florida,2007,2.10E+09
Southeast,Alabama,2007,1.97E+08
Delta States,Mississippi,2007,3.24E+08
Delta States,Arkansas,2007,2.20E+08
Delta States,Louisiana,2007,3.49E+08
Southern Plains,Oklahoma,2007,1.14E+09
Southern Plains,Texas,2007,7.38E+09
Mountain,Montana,2007,3.33E+08
Mountain,Idaho,2007,1.15E+10
Mountain,Wyoming,2007,1.34E+08
Mountain,Colorado,2007,2.71E+09
Mountain,New Mexico,2007,7.29E+09
Mountain,Arizona,2007,4.21E+09
Mountain,Utah,2007,1.73E+09
Mountain,Nevada,2007,5.53E+08
Pacific,Washington,2007,5.53E+09
Pacific,Oregon,2007,2.23E+09
Pacific,California,2007,4.07E+10
Pacific,Alaska,2007,9.00E+06
Pacific,Hawaii,2007,3.60E+07
Northeast,Maine,2008,6.03E+08
Northeast,New Hampshire,2008,2.99E+08
Northeast,Vermont,2008,2.58E+09
Northeast,Massachusetts,2008,2.54E+08
Northeast,Rhode Island,2008,2.00E+07
Northeast,Connecticut,2008,3.64E+08
Northeast,New York,2008,1.24E+10
Northeast,New Jersey,2008,1.69E+08
Northeast,Pennsylvania,2008,1.06E+10
Northeast,Delaware,2008,1.10E+08
Northeast,Maryland,2008,1.03E+09
Lake States,Michigan,2008,7.76E+09
Lake States,Wisconsin,2008,2.45E+10
Lake States,Minnesota,2008,8.78E+09
Corn Belt,Ohio,2008,5.14E+09
Corn Belt,Indiana,2008,3.29E+09
Corn Belt,Illinois,2008,1.86E+09
Corn Belt,Iowa,2008,4.24E+09
Corn Belt,Missouri,2008,1.62E+09
Northern Plains,North Dakota,2008,4.18E+08
Northern Plains,South Dakota,2008,1.80E+09
Northern Plains,Nebraska,2008,1.08E+09
Northern Plains,Kansas,2008,2.42E+09
Appalachian,Virginia,2008,1.73E+09
Appalachian,West Virginia,2008,1.81E+08
Appalachian,North Carolina,2008,8.92E+08
Appalachian,Kentucky,2008,1.21E+09
Appalachian,Tennessee,2008,9.48E+08
Southeast,South Carolina,2008,3.23E+08
Southeast,Georgia,2008,1.36E+09
Southeast,Florida,2008,2.06E+09
Southeast,Alabama,2008,1.84E+08
Delta States,Mississippi,2008,2.91E+08
Delta States,Arkansas,2008,1.86E+08
Delta States,Louisiana,2008,3.19E+08
Southern Plains,Oklahoma,2008,1.06E+09
Southern Plains,Texas,2008,8.42E+09
Mountain,Montana,2008,3.13E+08
Mountain,Idaho,2008,1.23E+10
Mountain,Wyoming,2008,1.36E+08
Mountain,Colorado,2008,2.94E+09
Mountain,New Mexico,2008,7.87E+09
Mountain,Arizona,2008,4.35E+09
Mountain,Utah,2008,1.78E+09
Mountain,Nevada,2008,6.53E+08
Pacific,Washington,2008,5.70E+09
Pacific,Oregon,2008,2.25E+09
Pacific,California,2008,4.12E+10
Pacific,Alaska,2008,7.00E+06
Pacific,Hawaii,2008,1.90E+07
Northeast,Maine,2009,5.96E+08
Northeast,New Hampshire,2009,2.93E+08
Northeast,Vermont,2009,2.47E+09
Northeast,Massachusetts,2009,2.46E+08
Northeast,Rhode Island,2009,2.00E+07
Northeast,Connecticut,2009,3.53E+08
Northeast,New York,2009,1.24E+10
Northeast,New Jersey,2009,1.58E+08
Northeast,Pennsylvania,2009,1.06E+10
Northeast,Delaware,2009,1.02E+08
Northeast,Maryland,2009,1.00E+09
Lake States,Michigan,2009,7.97E+09
Lake States,Wisconsin,2009,2.52E+10
Lake States,Minnesota,2009,9.02E+09
Corn Belt,Ohio,2009,5.19E+09
Corn Belt,Indiana,2009,3.38E+09
Corn Belt,Illinois,2009,1.86E+09
Corn Belt,Iowa,2009,4.30E+09
Corn Belt,Missouri,2009,1.57E+09
Northern Plains,North Dakota,2009,3.87E+08
Northern Plains,South Dakota,2009,1.89E+09
Northern Plains,Nebraska,2009,1.20E+09
Northern Plains,Kansas,2009,2.49E+09
Appalachian,Virginia,2009,1.74E+09
Appalachian,West Virginia,2009,1.62E+08
Appalachian,North Carolina,2009,8.84E+08
Appalachian,Kentucky,2009,1.19E+09
Appalachian,Tennessee,2009,9.09E+08
Southeast,South Carolina,2009,3.25E+08
Southeast,Georgia,2009,1.40E+09
Southeast,Florida,2009,2.08E+09
Southeast,Alabama,2009,1.64E+08
Delta States,Mississippi,2009,2.50E+08
Delta States,Arkansas,2009,1.65E+08
Delta States,Louisiana,2009,2.71E+08
Southern Plains,Oklahoma,2009,1.00E+09
Southern Plains,Texas,2009,8.84E+09
Mountain,Montana,2009,2.99E+08
Mountain,Idaho,2009,1.22E+10
Mountain,Wyoming,2009,1.05E+08
Mountain,Colorado,2009,2.84E+09
Mountain,New Mexico,2009,7.90E+09
Mountain,Arizona,2009,4.08E+09
Mountain,Utah,2009,1.77E+09
Mountain,Nevada,2009,6.13E+08
Pacific,Washington,2009,5.56E+09
Pacific,Oregon,2009,2.25E+09
Pacific,California,2009,3.95E+10
Pacific,Alaska,2009,6.00E+06
Pacific,Hawaii,2009,2.10E+07
Northeast,Maine,2010,5.87E+08
Northeast,New Hampshire,2010,2.94E+08
Northeast,Vermont,2010,2.52E+09
Northeast,Massachusetts,2010,2.42E+08
Northeast,Rhode Island,2010,2.00E+07
Northeast,Connecticut,2010,3.64E+08
Northeast,New York,2010,1.27E+10
Northeast,New Jersey,2010,1.40E+08
Northeast,Pennsylvania,2010,1.07E+10
Northeast,Delaware,2010,9.00E+07
Northeast,Maryland,2010,1.00E+09
Lake States,Michigan,2010,8.33E+09
Lake States,Wisconsin,2010,2.60E+10
Lake States,Minnesota,2010,9.10E+09
Corn Belt,Ohio,2010,5.27E+09
Corn Belt,Indiana,2010,3.42E+09
Corn Belt,Illinois,2010,1.84E+09
Corn Belt,Iowa,2010,4.34E+09
Corn Belt,Missouri,2010,1.45E+09
Northern Plains,North Dakota,2010,3.84E+08
Northern Plains,South Dakota,2010,1.88E+09
Northern Plains,Nebraska,2010,1.17E+09
Northern Plains,Kansas,2010,2.50E+09
Appalachian,Virginia,2010,1.72E+09
Appalachian,West Virginia,2010,1.57E+08
Appalachian,North Carolina,2010,8.66E+08
Appalachian,Kentucky,2010,1.15E+09
Appalachian,Tennessee,2010,8.50E+08
Southeast,South Carolina,2010,2.86E+08
Southeast,Georgia,2010,1.40E+09
Southeast,Florida,2010,2.13E+09
Southeast,Alabama,2010,1.56E+08
Delta States,Mississippi,2010,2.23E+08
Delta States,Arkansas,2010,1.53E+08
Delta States,Louisiana,2010,2.35E+08
Southern Plains,Oklahoma,2010,9.59E+08
Southern Plains,Texas,2010,8.83E+09
Mountain,Montana,2010,2.89E+08
Mountain,Idaho,2010,1.28E+10
Mountain,Wyoming,2010,1.20E+08
Mountain,Colorado,2010,2.82E+09
Mountain,New Mexico,2010,7.88E+09
Mountain,Arizona,2010,4.15E+09
Mountain,Utah,2010,1.93E+09
Mountain,Nevada,2010,6.64E+08
Pacific,Washington,2010,5.90E+09
Pacific,Oregon,2010,2.40E+09
Pacific,California,2010,4.04E+10
Pacific,Alaska,2010,7.00E+06
Pacific,Hawaii,2010,2.50E+07
Northeast,Maine,2011,5.98E+08
Northeast,New Hampshire,2011,2.86E+08
Northeast,Vermont,2011,2.54E+09
Northeast,Massachusetts,2011,2.20E+08
Northeast,Rhode Island,2011,2.00E+07
Northeast,Connecticut,2011,3.61E+08
Northeast,New York,2011,1.28E+10
Northeast,New Jersey,2011,1.35E+08
Northeast,Pennsylvania,2011,1.05E+10
Northeast,Delaware,2011,9.20E+07
Northeast,Maryland,2011,9.70E+08
Lake States,Michigan,2011,8.48E+09
Lake States,Wisconsin,2011,2.61E+10
Lake States,Minnesota,2011,8.89E+09
Corn Belt,Ohio,2011,5.14E+09
Corn Belt,Indiana,2011,3.55E+09
Corn Belt,Illinois,2011,1.81E+09
Corn Belt,Iowa,2011,4.32E+09
Corn Belt,Missouri,2011,1.39E+09
Northern Plains,North Dakota,2011,3.45E+08
Northern Plains,South Dakota,2011,1.87E+09
Northern Plains,Nebraska,2011,1.17E+09
Northern Plains,Kansas,2011,2.59E+09
Appalachian,Virginia,2011,1.72E+09
Appalachian,West Virginia,2011,1.57E+08
Appalachian,North Carolina,2011,9.04E+08
Appalachian,Kentucky,2011,1.09E+09
Appalachian,Tennessee,2011,8.10E+08
Southeast,South Carolina,2011,2.79E+08
Southeast,Georgia,2011,1.45E+09
Southeast,Florida,2011,2.27E+09
Southeast,Alabama,2011,1.43E+08
Delta States,Mississippi,2011,2.04E+08
Delta States,Arkansas,2011,1.43E+08
Delta States,Louisiana,2011,2.32E+08
Southern Plains,Oklahoma,2011,9.23E+08
Southern Plains,Texas,2011,9.58E+09
Mountain,Montana,2011,2.88E+08
Mountain,Idaho,2011,1.33E+10
Mountain,Wyoming,2011,1.23E+08
Mountain,Colorado,2011,3.00E+09
Mountain,New Mexico,2011,8.18E+09
Mountain,Arizona,2011,4.41E+09
Mountain,Utah,2011,2.06E+09
Mountain,Nevada,2011,6.66E+08
Pacific,Washington,2011,6.17E+09
Pacific,Oregon,2011,2.48E+09
Pacific,California,2011,4.15E+10
Pacific,Alaska,2011,7.00E+06
Pacific,Hawaii,2011,2.70E+07
Northeast,Maine,2012,6.13E+08
Northeast,New Hampshire,2012,2.75E+08
Northeast,Vermont,2012,2.57E+09
Northeast,Massachusetts,2012,2.19E+08
Northeast,Rhode Island,2012,1.80E+07
Northeast,Connecticut,2012,3.58E+08
Northeast,New York,2012,1.32E+10
Northeast,New Jersey,2012,1.30E+08
Northeast,Pennsylvania,2012,1.05E+10
Northeast,Delaware,2012,9.40E+07
Northeast,Maryland,2012,9.79E+08
Lake States,Michigan,2012,8.99E+09
Lake States,Wisconsin,2012,2.72E+10
Lake States,Minnesota,2012,9.07E+09
Corn Belt,Ohio,2012,5.36E+09
Corn Belt,Indiana,2012,3.75E+09
Corn Belt,Illinois,2012,1.87E+09
Corn Belt,Iowa,2012,4.51E+09
Corn Belt,Missouri,2012,1.41E+09
Northern Plains,North Dakota,2012,3.47E+08
Northern Plains,South Dakota,2012,1.97E+09
Northern Plains,Nebraska,2012,1.19E+09
Northern Plains,Kansas,2012,2.73E+09
Appalachian,Virginia,2012,1.73E+09
Appalachian,West Virginia,2012,1.54E+08
Appalachian,North Carolina,2012,9.40E+08
Appalachian,Kentucky,2012,1.12E+09
Appalachian,Tennessee,2012,8.05E+08
Southeast,South Carolina,2012,2.76E+08
Southeast,Georgia,2012,1.53E+09
Southeast,Florida,2012,2.34E+09
Southeast,Alabama,2012,1.30E+08
Delta States,Mississippi,2012,1.99E+08
Delta States,Arkansas,2012,1.33E+08
Delta States,Louisiana,2012,2.22E+08
Southern Plains,Oklahoma,2012,8.59E+08
Southern Plains,Texas,2012,9.60E+09
Mountain,Montana,2012,2.99E+08
Mountain,Idaho,2012,1.36E+10
Mountain,Wyoming,2012,1.24E+08
Mountain,Colorado,2012,3.21E+09
Mountain,New Mexico,2012,8.15E+09
Mountain,Arizona,2012,4.51E+09
Mountain,Utah,2012,2.17E+09
Mountain,Nevada,2012,6.65E+08
Pacific,Washington,2012,6.23E+09
Pacific,Oregon,2012,2.51E+09
Pacific,California,2012,4.18E+10
Pacific,Alaska,2012,6.00E+06
Pacific,Hawaii,2012,2.80E+07
Northeast,Maine,2013,6.06E+08
Northeast,New Hampshire,2013,2.72E+08
Northeast,Vermont,2013,2.61E+09
Northeast,Massachusetts,2013,2.30E+08
Northeast,Rhode Island,2013,1.70E+07
Northeast,Connecticut,2013,3.70E+08
Northeast,New York,2013,1.35E+10
Northeast,New Jersey,2013,1.27E+08
Northeast,Pennsylvania,2013,1.06E+10
Northeast,Delaware,2013,9.40E+07
Northeast,Maryland,2013,9.72E+08
Lake States,Michigan,2013,9.16E+09
Lake States,Wisconsin,2013,2.76E+10
Lake States,Minnesota,2013,9.14E+09
Corn Belt,Ohio,2013,5.45E+09
Corn Belt,Indiana,2013,3.83E+09
Corn Belt,Illinois,2013,1.83E+09
Corn Belt,Iowa,2013,4.61E+09
Corn Belt,Missouri,2013,1.35E+09
Northern Plains,North Dakota,2013,3.41E+08
Northern Plains,South Dakota,2013,2.02E+09
Northern Plains,Nebraska,2013,1.17E+09
Northern Plains,Kansas,2013,2.93E+09
Appalachian,Virginia,2013,1.74E+09
Appalachian,West Virginia,2013,1.52E+08
Appalachian,North Carolina,2013,9.35E+08
Appalachian,Kentucky,2013,1.07E+09
Appalachian,Tennessee,2013,7.65E+08
Southeast,South Carolina,2013,2.64E+08
Southeast,Georgia,2013,1.57E+09
Southeast,Florida,2013,2.38E+09
Southeast,Alabama,2013,1.17E+08
Delta States,Mississippi,2013,1.86E+08
Delta States,Arkansas,2013,1.05E+08
Delta States,Louisiana,2013,2.06E+08
Southern Plains,Oklahoma,2013,7.79E+08
Southern Plains,Texas,2013,9.61E+09
Mountain,Montana,2013,2.98E+08
Mountain,Idaho,2013,1.34E+10
Mountain,Wyoming,2013,1.28E+08
Mountain,Colorado,2013,3.33E+09
Mountain,New Mexico,2013,8.06E+09
Mountain,Arizona,2013,4.49E+09
Mountain,Utah,2013,2.13E+09
Mountain,Nevada,2013,6.39E+08
Pacific,Washington,2013,6.34E+09
Pacific,Oregon,2013,2.51E+09
Pacific,California,2013,4.13E+10
Pacific,Alaska,2013,3.00E+06
Pacific,Hawaii,2013,3.00E+07
Northeast,Maine,2014,5.99E+08
Northeast,New Hampshire,2014,2.82E+08
Northeast,Vermont,2014,2.67E+09
Northeast,Massachusetts,2014,2.33E+08
Northeast,Rhode Island,2014,1.70E+07
Northeast,Connecticut,2014,3.83E+08
Northeast,New York,2014,1.37E+10
Northeast,New Jersey,2014,1.27E+08
Northeast,Pennsylvania,2014,1.07E+10
Northeast,Delaware,2014,9.70E+07
Northeast,Maryland,2014,9.87E+08
Lake States,Michigan,2014,9.61E+09
Lake States,Wisconsin,2014,2.78E+10
Lake States,Minnesota,2014,9.13E+09
Corn Belt,Ohio,2014,5.43E+09
Corn Belt,Indiana,2014,3.89E+09
Corn Belt,Illinois,2014,1.85E+09
Corn Belt,Iowa,2014,4.65E+09
Corn Belt,Missouri,2014,1.38E+09
Northern Plains,North Dakota,2014,3.24E+08
Northern Plains,South Dakota,2014,2.11E+09
Northern Plains,Nebraska,2014,1.20E+09
Northern Plains,Kansas,2014,3.11E+09
Appalachian,Virginia,2014,1.78E+09
Appalachian,West Virginia,2014,1.40E+08
Appalachian,North Carolina,2014,9.61E+08
Appalachian,Kentucky,2014,1.00E+09
Appalachian,Tennessee,2014,7.45E+08
Southeast,South Carolina,2014,2.63E+08
Southeast,Georgia,2014,1.69E+09
Southeast,Florida,2014,2.51E+09
Southeast,Alabama,2014,1.09E+08
Delta States,Mississippi,2014,1.88E+08
Delta States,Arkansas,2014,9.60E+07
Delta States,Louisiana,2014,2.04E+08
Southern Plains,Oklahoma,2014,7.26E+08
Southern Plains,Texas,2014,1.03E+10
Mountain,Montana,2014,3.01E+08
Mountain,Idaho,2014,1.39E+10
Mountain,Wyoming,2014,1.30E+08
Mountain,Colorado,2014,3.59E+09
Mountain,New Mexico,2014,8.11E+09
Mountain,Arizona,2014,4.70E+09
Mountain,Utah,2014,2.18E+09
Mountain,Nevada,2014,6.90E+08
Pacific,Washington,2014,6.58E+09
Pacific,Oregon,2014,2.55E+09
Pacific,California,2014,4.23E+10
Pacific,Alaska,2014,4.00E+06
Pacific,Hawaii,2014,3.00E+07
Northeast,Maine,2015,5.94E+08
Northeast,New Hampshire,2015,2.82E+08
Northeast,Vermont,2015,2.67E+09
Northeast,Massachusetts,2015,2.17E+08
Northeast,Rhode Island,2015,1.60E+07
Northeast,Connecticut,2015,3.96E+08
Northeast,New York,2015,1.41E+10
Northeast,New Jersey,2015,1.27E+08
Northeast,Pennsylvania,2015,1.08E+10
Northeast,Delaware,2015,9.90E+07
Northeast,Maryland,2015,9.83E+08
Lake States,Michigan,2015,1.03E+10
Lake States,Wisconsin,2015,2.90E+10
Lake States,Minnesota,2015,9.46E+09
Corn Belt,Ohio,2015,5.49E+09
Corn Belt,Indiana,2015,4.03E+09
Corn Belt,Illinois,2015,1.89E+09
Corn Belt,Iowa,2015,4.84E+09
Corn Belt,Missouri,2015,1.37E+09
Northern Plains,North Dakota,2015,3.32E+08
Northern Plains,South Dakota,2015,2.36E+09
Northern Plains,Nebraska,2015,1.31E+09
Northern Plains,Kansas,2015,3.18E+09
Appalachian,Virginia,2015,1.77E+09
Appalachian,West Virginia,2015,1.41E+08
Appalachian,North Carolina,2015,9.85E+08
Appalachian,Kentucky,2015,1.08E+09
Appalachian,Tennessee,2015,7.42E+08
Southeast,South Carolina,2015,2.61E+08
Southeast,Georgia,2015,1.80E+09
Southeast,Florida,2015,2.58E+09
Southeast,Alabama,2015,1.01E+08
Delta States,Mississippi,2015,1.65E+08
Delta States,Arkansas,2015,9.10E+07
Delta States,Louisiana,2015,1.88E+08
Southern Plains,Oklahoma,2015,7.27E+08
Southern Plains,Texas,2015,1.03E+10
Mountain,Montana,2015,2.99E+08
Mountain,Idaho,2015,1.41E+10
Mountain,Wyoming,2015,1.35E+08
Mountain,Colorado,2015,3.76E+09
Mountain,New Mexico,2015,7.83E+09
Mountain,Arizona,2015,4.73E+09
Mountain,Utah,2015,2.22E+09
Mountain,Nevada,2015,6.69E+08
Pacific,Washington,2015,6.61E+09
Pacific,Oregon,2015,2.55E+09
Pacific,California,2015,4.09E+10
Pacific,Alaska,2015,4.00E+06
Pacific,Hawaii,2015,3.50E+07
Northeast,Maine,2016,6.30E+08
Northeast,New Hampshire,2016,2.87E+08
Northeast,Vermont,2016,2.73E+09
Northeast,Massachusetts,2016,2.21E+08
Northeast,Rhode Island,2016,1.40E+07
Northeast,Connecticut,2016,4.09E+08
Northeast,New York,2016,1.48E+10
Northeast,New Jersey,2016,1.22E+08
Northeast,Pennsylvania,2016,1.08E+10
Northeast,Delaware,2016,9.60E+07
Northeast,Maryland,2016,9.57E+08
Lake States,Michigan,2016,1.09E+10
Lake States,Wisconsin,2016,3.01E+10
Lake States,Minnesota,2016,9.67E+09
Corn Belt,Ohio,2016,5.55E+09
Corn Belt,Indiana,2016,4.15E+09
Corn Belt,Illinois,2016,1.91E+09
Corn Belt,Iowa,2016,5.03E+09
Corn Belt,Missouri,2016,1.26E+09
Northern Plains,North Dakota,2016,3.44E+08
Northern Plains,South Dakota,2016,2.55E+09
Northern Plains,Nebraska,2016,1.40E+09
Northern Plains,Kansas,2016,3.33E+09
Appalachian,Virginia,2016,1.72E+09
Appalachian,West Virginia,2016,1.34E+08
Appalachian,North Carolina,2016,9.65E+08
Appalachian,Kentucky,2016,1.05E+09
Appalachian,Tennessee,2016,6.96E+08
Southeast,South Carolina,2016,2.50E+08
Southeast,Georgia,2016,1.83E+09
Southeast,Florida,2016,2.50E+09
Southeast,Alabama,2016,9.20E+07
Delta States,Mississippi,2016,1.44E+08
Delta States,Arkansas,2016,8.00E+07
Delta States,Louisiana,2016,1.69E+08
Southern Plains,Oklahoma,2016,6.92E+08
Southern Plains,Texas,2016,1.08E+10
Mountain,Montana,2016,2.95E+08
Mountain,Idaho,2016,1.47E+10
Mountain,Wyoming,2016,1.40E+08
Mountain,Colorado,2016,3.93E+09
Mountain,New Mexico,2016,7.71E+09
Mountain,Arizona,2016,4.84E+09
Mountain,Utah,2016,2.10E+09
Mountain,Nevada,2016,6.60E+08
Pacific,Washington,2016,6.65E+09
Pacific,Oregon,2016,2.59E+09
Pacific,California,2016,4.05E+10
Pacific,Alaska,2016,4.00E+06
Pacific,Hawaii,2016,3.50E+07
Northeast,Maine,2017,6.30E+08
Northeast,New Hampshire,2017,2.73E+08
Northeast,Vermont,2017,2.73E+09
Northeast,Massachusetts,2017,2.11E+08
Northeast,Rhode Island,2017,1.30E+07
Northeast,Connecticut,2017,4.20E+08
Northeast,New York,2017,1.49E+10
Northeast,New Jersey,2017,1.19E+08
Northeast,Pennsylvania,2017,1.09E+10
Northeast,Delaware,2017,9.30E+07
Northeast,Maryland,2017,9.53E+08
Lake States,Michigan,2017,1.12E+10
Lake States,Wisconsin,2017,3.03E+10
Lake States,Minnesota,2017,9.86E+09
Corn Belt,Ohio,2017,5.59E+09
Corn Belt,Indiana,2017,4.26E+09
Corn Belt,Illinois,2017,1.93E+09
Corn Belt,Iowa,2017,5.17E+09
Corn Belt,Missouri,2017,1.24E+09
Northern Plains,North Dakota,2017,3.45E+08
Northern Plains,South Dakota,2017,2.62E+09
Northern Plains,Nebraska,2017,1.44E+09
Northern Plains,Kansas,2017,3.50E+09
Appalachian,Virginia,2017,1.74E+09
Appalachian,West Virginia,2017,1.27E+08
Appalachian,North Carolina,2017,9.52E+08
Appalachian,Kentucky,2017,1.04E+09
Appalachian,Tennessee,2017,6.93E+08
Southeast,South Carolina,2017,2.47E+08
Southeast,Georgia,2017,1.84E+09
Southeast,Florida,2017,2.50E+09
Southeast,Alabama,2017,8.90E+07
Delta States,Mississippi,2017,1.37E+08
Delta States,Arkansas,2017,7.90E+07
Delta States,Louisiana,2017,1.60E+08
Southern Plains,Oklahoma,2017,7.28E+08
Southern Plains,Texas,2017,1.21E+10
Mountain,Montana,2017,2.88E+08
Mountain,Idaho,2017,1.46E+10
Mountain,Wyoming,2017,1.38E+08
Mountain,Colorado,2017,4.19E+09
Mountain,New Mexico,2017,8.21E+09
Mountain,Arizona,2017,5.01E+09
Mountain,Utah,2017,2.22E+09
Mountain,Nevada,2017,7.09E+08
Pacific,Washington,2017,6.53E+09
Pacific,Oregon,2017,2.53E+09
Pacific,California,2017,3.98E+10
Pacific,Alaska,2017,3.00E+06
Pacific,Hawaii,2017,3.90E+07