{"chunk_definitions":[{"row":40,"row_count":1,"visible":true,"expansion_state":0,"options":{"engine":"r","label":"setup","include":false},"document_id":"44336EA1","chunk_id":"csetup_chunk","chunk_label":"setup"},{"row":86,"row_count":1,"visible":true,"expansion_state":0,"options":{"engine":"r","label":"unnamed-chunk-5"},"document_id":"44336EA1","chunk_id":"cauiycgivuwjw","chunk_label":"unnamed-chunk-4"}],"doc_write_time":1681478823,"working_dir":null,"default_chunk_options":{"echo":false,"message":false,"warning":false,"results":"asis"}}